Player,Range,Num Rushes,Average Rush,Num TDs,Normalized Average Rush,Normalized Num Rushes,Normalized TD Rate,Normalized Num TDs
Ahman Green,1-5,75,1.08,32,1.0206988352745425,0.704225352112676,1.119384141647421,0.7882986913010008
Ahman Green,6-10,71,2.4788732394366195,10,0.907581153059184,0.8899334116725421,1.2272268422823631,1.0921501706484642
Ahman Green,11-15,77,3.4545454545454546,3,0.9942864799165463,0.9012435991221653,0.7448914721641995,0.6713286713286714
Ahman Green,16-20,80,2.8875,1,0.7467952626641652,0.9285455204932898,0.4475649350649351,0.4155844155844156
Ahman Green,21-25,98,3.7142857142857144,2,0.9415297092288243,1.0527022490768714,1.0482054890921884,1.103448275862069
Ahman Green,26-30,97,5.061855670103093,2,1.1872187158748078,0.9503980404164115,1.432770344373766,1.3617021276595744
Ahman Green,31-35,88,4.238636363636363,1,0.9675596705477806,0.8577520560462991,0.9099223946784922,0.7804878048780488
Ahman Green,36-40,92,4.271739130434782,1,0.9372885133353808,0.8387464387464387,1.4130434782608694,1.1851851851851851
Ahman Green,41-45,103,5.475728155339806,1,1.1597093473613753,0.8881703045001348,1.0917917034421887,0.9696969696969697
Ahman Green,46-50,95,5.421052631578948,0,1.2231977088976902,0.7628607277289837,0.0,0.0
Ahman Green,51-55,147,4.598639455782313,0,1.0069561250962167,1.0717703349282297,0.0,0.0
Ahman Green,56-60,130,4.176923076923077,1,0.8832867740426386,0.8545603944124898,1.7831501831501835,1.5238095238095237
Ahman Green,61-65,156,6.487179487179487,2,1.3640414420221603,0.9657573998839234,3.155677655677655,3.0476190476190474
Ahman Green,66-70,162,5.067901234567901,1,1.072589253351371,0.9437465865647188,1.8837448559670782,1.7777777777777777
Ahman Green,71-75,164,4.609756097560975,0,0.945713212876614,0.9796527907410865,0.0,0.0
Ahman Green,76-80,173,4.046242774566474,0,0.8621849836345797,0.8286184702888789,0.0,0.0
Ahman Green,81-85,90,4.9222222222222225,1,1.0484554060787243,0.9473684210526316,3.753086419753086,3.5555555555555554
Ahman Green,86-90,79,5.468354430379747,1,1.110662543379041,1.086377309840997,4.909282700421941,5.333333333333333
Ahman Green,91-95,58,3.603448275862069,0,0.7497325111102231,1.1485148514851484,0.0,0.0
Ahman Green,96-100,29,5.758620689655173,1,1.4727875483193815,1.3468795355587808,11.879310344827585,16.0
Marshawn Lynch,1-5,114,1.043859649122807,44,0.9865428963423534,1.0704225352112675,1.0126007860297395,1.0839107005388762
Marshawn Lynch,6-10,89,2.202247191011236,9,0.8063010294925693,1.1155503329416372,0.8811212946274494,0.9829351535836177
Marshawn Lynch,11-15,89,3.0112359550561796,8,0.8666932415121166,1.041697147037308,1.7185511118095387,1.7902097902097902
Marshawn Lynch,16-20,114,3.789473684210526,4,0.9800730719857805,1.323177366702938,1.2563226247436774,1.6623376623376624
Marshawn Lynch,21-25,94,4.553191489361702,4,1.1541829005112756,1.00973481033904,2.185619955979457,2.206896551724138
Marshawn Lynch,26-30,91,3.2857142857142856,0,0.7706386252885354,0.8916105327617881,0.0,0.0
Marshawn Lynch,31-35,110,5.072727272727272,1,1.157958812151553,1.072190070057874,0.7279379157427937,0.7804878048780488
Marshawn Lynch,36-40,126,3.746031746031746,1,0.8219398280034649,1.1487179487179486,1.0317460317460316,1.1851851851851851
Marshawn Lynch,41-45,100,5.3,0,1.1224917246889623,0.8623012665049852,0.0,0.0
Marshawn Lynch,46-50,118,4.627118644067797,0,1.0440557044680465,0.9475533249686323,0.0,0.0
Marshawn Lynch,51-55,111,4.207207207207207,0,0.9212448828792872,0.8092959671907041,0.0,0.0
Marshawn Lynch,56-60,129,5.426356589147287,1,1.1475023403983053,0.847986852917009,1.7969730527870063,1.5238095238095237
Marshawn Lynch,61-65,145,4.158620689655172,0,0.8744217688983275,0.89765912168698,0.0,0.0
Marshawn Lynch,66-70,137,5.029197080291971,0,1.0643977638145872,0.7981066812306572,0.0,0.0
Marshawn Lynch,71-75,115,4.539130434782609,0,0.9312240249360615,0.6869516520440545,0.0,0.0
Marshawn Lynch,76-80,220,5.240909090909091,2,1.1167478993545843,1.0537344708875918,3.374242424242424,3.5555555555555554
Marshawn Lynch,81-85,94,3.7872340425531914,0,0.8066978341761282,0.9894736842105263,0.0,0.0
Marshawn Lynch,86-90,69,5.086956521739131,0,1.0331978551180028,0.9488611946712505,0.0,0.0
Marshawn Lynch,91-95,50,5.16,0,1.0735882580146774,0.9900990099009901,0.0,0.0
Marshawn Lynch,96-100,30,5.366666666666666,0,1.3725439247710962,1.3933236574746009,0.0,0.0
Ray Rice,1-5,60,0.8166666666666667,19,0.7718247365501941,0.5633802816901409,0.8307929176289452,0.4680523479599692
Ray Rice,6-10,48,3.6041666666666665,11,1.3195808834074287,0.6016451233842538,1.9968003412969282,1.2013651877133107
Ray Rice,11-15,54,3.2777777777777777,1,0.9434092477570738,0.6320409656181419,0.35405335405335403,0.22377622377622375
Ray Rice,16-20,59,4.47457627118644,0,1.1572614239832097,0.6848023213638013,0.0,0.0
Ray Rice,21-25,58,3.1206896551724137,1,0.7910597755921221,0.6230278616985565,0.885552913198573,0.5517241379310345
Ray Rice,26-30,84,3.4047619047619047,0,0.7985603146105839,0.8230251071647274,0.0,0.0
Ray Rice,31-35,57,4.526315789473684,2,1.03322867034085,0.5555893999390802,2.8095849379546425,1.5609756097560976
Ray Rice,36-40,63,3.5555555555555554,0,0.7801462774270175,0.5743589743589743,0.0,0.0
Ray Rice,41-45,74,3.918918918918919,0,0.829991331361038,0.638102937213689,0.0,0.0
Ray Rice,46-50,72,4.569444444444445,0,1.0310421896331528,0.578168130489335,0.0,0.0
Ray Rice,51-55,81,4.777777777777778,1,1.0461817335195902,0.5905673274094327,2.462962962962963,1.4545454545454546
Ray Rice,56-60,103,5.446601941747573,1,1.15178359046165,0.6770747740345111,2.250577901063338,1.5238095238095237
Ray Rice,61-65,107,4.719626168224299,0,0.9923828525221251,0.6624105242793576,0.0,0.0
Ray Rice,66-70,120,4.858333333333333,1,1.0282355320952454,0.6990715456034954,2.5430555555555556,1.7777777777777777
Ray Rice,71-75,114,5.333333333333333,0,1.0941584967320261,0.6809781594175845,0.0,0.0
Ray Rice,76-80,151,4.894039735099338,0,1.0428359848886481,0.7232450232001197,0.0,0.0
Ray Rice,81-85,59,4.745762711864407,0,1.010868739074257,0.6210526315789473,0.0,0.0
Ray Rice,86-90,36,4.222222222222222,0,0.8575640316933849,0.4950580146110872,0.0,0.0
Ray Rice,91-95,24,4.125,0,0.858246427191966,0.4752475247524752,0.0,0.0
Ray Rice,96-100,5,3.0,0,0.767260579064588,0.23222060957910018,0.0,0.0
LaDainian Tomlinson,1-5,204,1.25,92,1.1813643926788686,1.915492957746479,1.1831725761898293,2.2663587374903775
LaDainian Tomlinson,6-10,137,3.1386861313868613,24,1.1491561298480792,1.717195456325891,1.5264193717147057,2.621160409556314
LaDainian Tomlinson,11-15,140,3.0714285714285716,5,0.8840178665423428,1.6386247256766642,0.6828171828171827,1.118881118881119
LaDainian Tomlinson,16-20,114,4.473684210526316,7,1.1570307099832133,1.323177366702938,2.1985645933014353,2.909090909090909
LaDainian Tomlinson,21-25,133,3.6090225563909772,0,0.9148466810320559,1.428667338032897,0.0,0.0
LaDainian Tomlinson,26-30,148,4.202702702702703,3,0.9857110970935028,1.4500918554807103,1.408568142610696,2.042553191489362
LaDainian Tomlinson,31-35,138,4.6521739130434785,2,1.0619584867557879,1.3451111787998782,1.160480735242135,1.5609756097560976
LaDainian Tomlinson,36-40,179,4.670391061452514,2,1.0247591814526675,1.631908831908832,1.452513966480447,2.3703703703703702
LaDainian Tomlinson,41-45,179,5.905027932960894,4,1.2506311299633532,1.5435192670439235,2.5129507364144237,3.878787878787879
LaDainian Tomlinson,46-50,159,3.660377358490566,0,0.8259217356653024,1.2767879548306147,0.0,0.0
LaDainian Tomlinson,51-55,186,4.21505376344086,2,0.922963029721709,1.3561175666438825,2.145161290322581,2.909090909090909
LaDainian Tomlinson,56-60,192,4.8125,1,1.0176911381407472,1.2621199671322925,1.2073412698412698,1.5238095238095237
LaDainian Tomlinson,61-65,216,5.097222222222222,0,1.071778939375449,1.3372025536854324,0.0,0.0
LaDainian Tomlinson,66-70,231,4.792207792207792,1,1.014240479409625,1.3457127252867287,1.321067821067821,1.7777777777777777
LaDainian Tomlinson,71-75,236,4.898305084745763,1,1.0049103990112995,1.4097442598469292,1.6213680387409202,2.2857142857142856
LaDainian Tomlinson,76-80,262,4.324427480916031,0,0.9214613765388786,1.2549019607843137,0.0,0.0
LaDainian Tomlinson,81-85,127,5.377952755905512,1,1.1455280533879453,1.3368421052631578,2.659667541557305,3.5555555555555554
LaDainian Tomlinson,86-90,93,4.462365591397849,0,0.9063388959747574,1.2788998710786421,0.0,0.0
LaDainian Tomlinson,91-95,85,4.870588235294117,0,1.013373321518642,1.6831683168316833,0.0,0.0
LaDainian Tomlinson,96-100,20,5.25,0,1.342706013363029,0.9288824383164006,0.0,0.0
DeMarco Murray,1-5,54,1.1296296296296295,23,1.0676033770875701,0.5070422535211268,1.1174407664015054,0.5665896843725944
DeMarco Murray,6-10,32,2.125,4,0.7780187867488886,0.40109674892283587,1.0891638225255973,0.4368600682593856
DeMarco Murray,11-15,34,4.882352941176471,4,1.4052377030399485,0.39795171909290417,2.249280131633073,0.8951048951048951
DeMarco Murray,16-20,44,3.477272727272727,0,0.8993284154869521,0.5107000362713094,0.0,0.0
DeMarco Murray,21-25,43,3.86046511627907,0,0.9785845457279909,0.4618999664316885,0.0,0.0
DeMarco Murray,26-30,51,4.0,1,0.9381687612208258,0.4996938150642989,1.3625365039632875,0.6808510638297872
DeMarco Murray,31-35,42,4.333333333333333,0,0.9891762851712789,0.4093816631130064,0.0,0.0
DeMarco Murray,36-40,52,4.288461538461538,0,0.9409576795649184,0.4740740740740741,0.0,0.0
DeMarco Murray,41-45,76,4.302631578947368,0,0.9112581776894009,0.6553489625437887,0.0,0.0
DeMarco Murray,46-50,52,5.230769230769231,0,1.180262464447958,0.41756587202007533,0.0,0.0
DeMarco Murray,51-55,60,5.433333333333334,1,1.1897275992815806,0.43745727956254277,3.325,1.4545454545454546
DeMarco Murray,56-60,65,5.753846153846154,0,1.2167559981287175,0.4272801972062449,0.0,0.0
DeMarco Murray,61-65,78,5.410256410256411,0,1.1375997797101811,0.48287869994196164,0.0,0.0
DeMarco Murray,66-70,94,4.585106382978723,0,0.970408775591513,0.5476060440560714,0.0,0.0
DeMarco Murray,71-75,98,5.959183673469388,0,1.2225546468587436,0.5854022773940639,0.0,0.0
DeMarco Murray,76-80,155,4.290322580645161,0,0.9141942068409237,0.7424038317617123,0.0,0.0
DeMarco Murray,81-85,35,4.171428571428572,0,0.8885329916720051,0.368421052631579,0.0,0.0
DeMarco Murray,86-90,36,5.833333333333333,0,1.184792412207966,0.4950580146110872,0.0,0.0
DeMarco Murray,91-95,22,9.409090909090908,1,1.9576530074791951,0.4356435643564357,14.69090909090909,6.4
DeMarco Murray,96-100,7,5.857142857142857,0,1.4979849400784813,0.32510885341074025,0.0,0.0
Brian Westbrook,1-5,40,1.025,14,0.9687188019966722,0.3755868544600939,0.91824480369515,0.3448806774441878
Brian Westbrook,6-10,49,3.326530612244898,11,1.217930969892618,0.6141793967880924,1.9560493139235215,1.2013651877133107
Brian Westbrook,11-15,46,3.391304347826087,3,0.9760844390942753,0.5384052670080468,1.2468835512313774,0.6713286713286714
Brian Westbrook,16-20,56,3.9107142857142856,3,1.01142957652104,0.6499818643453028,1.9181354359925789,1.2467532467532467
Brian Westbrook,21-25,50,5.0,2,1.2674438393464942,0.5370929842228935,2.0544827586206895,1.103448275862069
Brian Westbrook,26-30,51,6.03921568627451,4,1.416450874784384,0.4996938150642989,5.450146015853149,2.723404255319149
Brian Westbrook,31-35,54,4.2407407407407405,0,0.9680400397616361,0.5263478525738654,0.0,0.0
Brian Westbrook,36-40,67,5.552238805970149,1,1.2182508100865928,0.6108262108262108,1.9402985074626864,1.1851851851851851
Brian Westbrook,41-45,82,5.439024390243903,1,1.1519358242321152,0.7070870385340878,1.3713968957871396,0.9696969696969697
Brian Westbrook,46-50,69,5.043478260869565,0,1.1380024273577498,0.5540777917189461,0.0,0.0
Brian Westbrook,51-55,110,4.6909090909090905,0,1.0271602474555976,0.8020050125313283,0.0,0.0
Brian Westbrook,56-60,101,4.752475247524752,0,1.0049978064704819,0.6639276910435497,0.0,0.0
Brian Westbrook,61-65,94,5.361702127659575,1,1.1273904038511304,0.5819307409556974,2.61854103343465,1.5238095238095237
Brian Westbrook,66-70,128,4.4765625,0,0.9474361490521692,0.745676315310395,0.0,0.0
Brian Westbrook,71-75,113,4.725663716814159,1,0.9694922078344612,0.6750046667911145,3.3862199747155497,2.2857142857142856
Brian Westbrook,76-80,128,4.8125,0,1.0254612649103783,0.6130818739709625,0.0,0.0
Brian Westbrook,81-85,66,3.8636363636363638,0,0.8229718711781492,0.6947368421052631,0.0,0.0
Brian Westbrook,86-90,42,4.5,0,0.9139827179890023,0.5775676837129351,0.0,0.0
Brian Westbrook,91-95,30,3.433333333333333,0,0.7143384404102828,0.594059405940594,0.0,0.0
Brian Westbrook,96-100,10,5.0,0,1.2787676317743133,0.46444121915820025,0.0,0.0
Clinton Portis,1-5,113,0.9823008849557522,45,0.9283642307069339,1.0610328638497653,1.0447791698174906,1.1085450346420322
Clinton Portis,6-10,77,2.831168831168831,9,1.0365659007563497,0.9651390520955738,1.018438898984974,0.9829351535836177
Clinton Portis,11-15,99,3.6161616161616164,7,1.0408028064623496,1.1587417702999268,1.3518400791128065,1.5664335664335665
Clinton Portis,16-20,76,3.486842105263158,2,0.9018033474869163,0.8821182444686253,0.942241968557758,0.8311688311688312
Clinton Portis,21-25,83,3.7228915662650603,2,0.9437111960435343,0.8915743538100034,1.23764021603656,1.103448275862069
Clinton Portis,26-30,104,4.875,2,1.1433931777378814,1.0189834660134722,1.3363338788870704,1.3617021276595744
Clinton Portis,31-35,99,4.585858585858586,0,1.0468205908339407,0.9649710630520865,0.0,0.0
Clinton Portis,36-40,82,4.975609756097561,1,1.091729089448174,0.7475783475783475,1.5853658536585367,1.1851851851851851
Clinton Portis,41-45,120,4.95,1,1.0483649126812007,1.0347615198059823,0.937121212121212,0.9696969696969697
Clinton Portis,46-50,115,5.113043478260869,1,1.1536990125626843,0.9234629861982434,1.4438405797101448,1.3333333333333333
Clinton Portis,51-55,138,5.456521739130435,2,1.194805124378541,1.0061517429938482,2.891304347826087,2.909090909090909
Clinton Portis,56-60,132,5.2272727272727275,1,1.1054024168707053,0.8677074774034511,1.7561327561327564,1.5238095238095237
Clinton Portis,61-65,189,5.227513227513228,2,1.099174871781958,1.1700522344747533,2.604686318972033,3.0476190476190474
Clinton Portis,66-70,176,4.420454545454546,0,0.9355612552277808,1.0253049335517932,0.0,0.0
Clinton Portis,71-75,182,4.527472527472527,0,0.9288323502477914,1.0871756580175471,0.0,0.0
Clinton Portis,76-80,202,4.336633663366337,0,0.9240623048080148,0.967519832360425,0.0,0.0
Clinton Portis,81-85,95,4.11578947368421,0,0.8766816143497757,1.0,0.0,0.0
Clinton Portis,86-90,78,5.794871794871795,0,1.1769805941054958,1.0726256983240223,0.0,0.0
Clinton Portis,91-95,53,4.622641509433962,0,0.9617855902208424,1.0495049504950495,0.0,0.0
Clinton Portis,96-100,20,5.5,0,1.4066443949517446,0.9288824383164006,0.0,0.0
Michael Turner,1-5,111,1.1261261261261262,46,1.0642922456566384,1.0422535211267605,1.08723966460687,1.1331793687451885
Michael Turner,6-10,67,2.611940298507463,6,0.9563005280495559,0.8397963180571877,0.7802964698690845,0.6552901023890785
Michael Turner,11-15,66,2.984848484848485,3,0.8590984058928053,0.7724945135332846,0.8690400508582328,0.6713286713286714
Michael Turner,16-20,78,4.0256410256410255,2,1.0411531245489969,0.9053318824809575,0.9180819180819181,0.8311688311688312
Michael Turner,21-25,61,3.5901639344262297,1,0.9100662321864992,0.6552534407519301,0.8420011305822498,0.5517241379310345
Michael Turner,26-30,82,5.353658536585366,2,1.255658799316898,0.803429271279853,1.694862480539699,1.3617021276595744
Michael Turner,31-35,74,4.364864864864865,0,0.9963740336080762,0.721291501675297,0.0,0.0
Michael Turner,36-40,86,5.5,1,1.2067887728949178,0.784045584045584,1.5116279069767442,1.1851851851851851
Michael Turner,41-45,72,3.6944444444444446,0,0.782449682304151,0.6208569118835894,0.0,0.0
Michael Turner,46-50,91,4.516483516483516,0,1.0190921699330058,0.7307402760351318,0.0,0.0
Michael Turner,51-55,100,4.83,0,1.057616743165037,0.7290954659375712,0.0,0.0
Michael Turner,56-60,96,5.854166666666667,1,1.237970605270779,0.6310599835661463,2.4146825396825395,1.5238095238095237
Michael Turner,61-65,96,3.9791666666666665,0,0.8366884635723874,0.5943122460824144,0.0,0.0
Michael Turner,66-70,123,5.471544715447155,1,1.1580178439528095,0.7165483342435828,2.481029810298103,1.7777777777777777
Michael Turner,71-75,103,5.621359223300971,1,1.1532483670045688,0.615269740526414,3.7149791955617193,2.2857142857142856
Michael Turner,76-80,183,4.032786885245901,0,0.8593177642510641,0.8765154916928604,0.0,0.0
Michael Turner,81-85,56,7.696428571428571,2,1.6393737988468928,0.5894736842105264,12.063492063492061,7.111111111111111
Michael Turner,86-90,46,7.108695652173913,0,1.4438277718956705,0.6325741297808337,0.0,0.0
Michael Turner,91-95,30,5.633333333333334,0,1.172069868245998,0.594059405940594,0.0,0.0
Michael Turner,96-100,19,2.8947368421052633,0,0.7403391552377604,0.8824383164005806,0.0,0.0
Warrick Dunn,1-5,75,1.2666666666666666,23,1.1971159179145867,0.704225352112676,0.8045573518090838,0.5665896843725944
Warrick Dunn,6-10,86,2.5232558139534884,8,0.9238307891901988,1.0779475127301215,0.8105405190888165,0.8737201365187713
Warrick Dunn,11-15,90,3.033333333333333,1,0.8730533038565462,1.0534016093635699,0.21243201243201248,0.22377622377622375
Warrick Dunn,16-20,107,3.607476635514019,2,0.9330031035752486,1.2419296336597752,0.6692559776671926,0.8311688311688312
Warrick Dunn,21-25,139,3.2446043165467624,2,0.8224707504248472,1.4931184961396442,0.7390225750434135,1.103448275862069
Warrick Dunn,26-30,147,4.578231292517007,2,1.0737883950707752,1.440293937538273,0.9454334925459545,1.3617021276595744
Warrick Dunn,31-35,126,3.619047619047619,0,0.8261252491540352,1.2281449893390193,0.0,0.0
Warrick Dunn,36-40,133,4.503759398496241,3,0.9881975050773149,1.2125356125356126,2.932330827067669,3.5555555555555554
Warrick Dunn,41-45,129,4.3565891472868215,2,0.9226858991885284,1.112368633791431,1.7434813248766736,1.9393939393939394
Warrick Dunn,46-50,138,3.4927536231884058,0,0.7880993821644187,1.108155583437892,0.0,0.0
Warrick Dunn,51-55,147,4.680272108843537,2,1.0248310858967413,1.0717703349282297,2.7142857142857144,2.909090909090909
Warrick Dunn,56-60,208,4.230769230769231,1,0.8946735280358217,1.3672966310599834,1.1144688644688645,1.5238095238095237
Warrick Dunn,61-65,174,4.373563218390805,0,0.9196171450133047,1.077190946024376,0.0,0.0
Warrick Dunn,66-70,230,4.956521739130435,2,1.0490164873639314,1.339887129073366,2.6536231884057973,3.5555555555555554
Warrick Dunn,71-75,183,4.360655737704918,0,0.8946090987624559,1.0931491506440172,0.0,0.0
Warrick Dunn,76-80,250,4.08,0,0.8693780697837596,1.197425535099536,0.0,0.0
Warrick Dunn,81-85,115,4.678260869565217,0,0.9964905439656851,1.2105263157894737,0.0,0.0
Warrick Dunn,86-90,118,4.966101694915254,1,1.008651361095208,1.622690159003008,3.286723163841808,5.333333333333333
Warrick Dunn,91-95,59,4.593220338983051,0,0.9556642291485271,1.1683168316831682,0.0,0.0
Warrick Dunn,96-100,22,3.0454545454545454,0,0.7788857393534454,1.0217706821480406,0.0,0.0
Adrian Peterson,1-5,113,0.9823008849557522,50,0.9283642307069339,1.0610328638497653,1.1608657442416563,1.2317167051578137
Adrian Peterson,6-10,78,2.6025641025641026,12,0.9528676543591215,0.9776733254994124,1.3405093200315044,1.310580204778157
Adrian Peterson,11-15,88,3.340909090909091,6,0.9615796878140282,1.029992684711046,1.303560076287349,1.3426573426573427
Adrian Peterson,16-20,83,3.6987951807228914,4,0.9566208549017835,0.9633659775117882,1.7255515568768582,1.6623376623376624
Adrian Peterson,21-25,89,3.0112359550561796,2,0.7633144920109223,0.9560255119167506,1.1542037969779153,1.103448275862069
Adrian Peterson,26-30,93,5.043010752688172,3,1.1827987876681916,0.9112063686466626,2.24159231297186,2.042553191489362
Adrian Peterson,31-35,89,4.955056179775281,2,1.1310978610904079,0.8674992385013707,1.7993970950945464,1.5609756097560976
Adrian Peterson,36-40,97,4.216494845360825,0,0.9251670255183156,0.8843304843304843,0.0,0.0
Adrian Peterson,41-45,118,5.703389830508475,2,1.2079260164945183,1.0175154944758824,1.9060092449922956,1.9393939393939394
Adrian Peterson,46-50,119,5.445378151260504,2,1.2286864805375184,0.9555834378920953,2.7906162464985993,2.666666666666667
Adrian Peterson,51-55,138,4.934782608695652,1,1.0805608096969277,1.0061517429938482,1.4456521739130435,1.4545454545454546
Adrian Peterson,56-60,166,4.9156626506024095,1,1.0395067672950709,1.0912078882497946,1.396442914515204,1.5238095238095237
Adrian Peterson,61-65,169,6.372781065088757,4,1.339987199505503,1.0462371832075836,5.825866441251057,6.095238095238095
Adrian Peterson,66-70,197,4.928934010152284,2,1.0431777189553246,1.1476424540324048,3.0981387478849407,3.5555555555555554
Adrian Peterson,71-75,176,5.323863636363637,1,1.092215743719363,1.051334702258727,2.174107142857143,2.2857142857142856
Adrian Peterson,76-80,272,6.224264705882353,3,1.32628412642725,1.3027989821882953,4.09375,5.333333333333333
Adrian Peterson,81-85,133,5.533834586466165,2,1.178731582319026,1.4,5.079365079365079,7.111111111111111
Adrian Peterson,86-90,95,5.6,0,1.1374007157196473,1.3064030941125913,0.0,0.0
Adrian Peterson,91-95,56,5.375,0,1.1183211020986223,1.108910891089109,0.0,0.0
Adrian Peterson,96-100,23,4.695652173913044,0,1.2009296020141378,1.0682148040638606,0.0,0.0
Curtis Martin,1-5,171,0.9649122807017544,57,0.911930408383688,1.6056338028169015,0.8745188606620476,1.4041570438799076
Curtis Martin,6-10,156,2.782051282051282,18,1.0185826650045782,1.9553466509988249,1.0053819900236283,1.9658703071672354
Curtis Martin,11-15,148,2.9594594594594597,1,0.8517909424320627,1.7322604242867592,0.12918162918162923,0.22377622377622375
Curtis Martin,16-20,156,4.141025641025641,5,1.0709950930870258,1.810663764961915,1.1476023976023975,2.0779220779220777
Curtis Martin,21-25,171,4.140350877192983,3,1.0495324424062198,1.836858006042296,0.9010889292196006,1.6551724137931034
Curtis Martin,26-30,203,3.3300492610837438,2,0.7810370475188155,1.988977342314758,0.6846242532229325,1.3617021276595744
Curtis Martin,31-35,193,3.9637305699481864,1,0.9048065262925807,1.8812062138288153,0.4148868949829395,0.7804878048780488
Curtis Martin,36-40,232,4.383620689655173,1,0.9618371332555888,2.1150997150997153,0.5603448275862069,1.1851851851851851
Curtis Martin,41-45,193,4.124352331606218,0,0.8735002569678504,1.6642414443546214,0.0,0.0
Curtis Martin,46-50,234,3.47008547008547,0,0.7829845760880244,1.8790464240903386,0.0,0.0
Curtis Martin,51-55,194,4.814432989690721,0,1.0542080618515552,1.4144452039188882,0.0,0.0
Curtis Martin,56-60,218,3.793577981651376,1,0.8022214428618114,1.4330320460147905,1.0633464394932286,1.5238095238095237
Curtis Martin,61-65,255,4.925490196078432,0,1.0356693171512594,1.5786419036564132,0.0,0.0
Curtis Martin,66-70,252,5.146825396825397,1,1.0892930532774103,1.4680502457673403,1.2109788359788358,1.7777777777777777
Curtis Martin,71-75,238,4.264705882352941,0,0.8749245332324107,1.4216912450998693,0.0,0.0
Curtis Martin,76-80,216,4.546296296296297,0,0.9687378183184141,1.0345756623259992,0.0,0.0
Curtis Martin,81-85,100,5.53,0,1.1779147982062779,1.0526315789473684,0.0,0.0
Curtis Martin,86-90,97,4.144329896907217,0,0.8417435340929644,1.3339063171465406,0.0,0.0
Curtis Martin,91-95,55,4.4363636363636365,0,0.9230286643959877,1.0891089108910892,0.0,0.0
Curtis Martin,96-100,29,2.896551724137931,0,0.7408033177175333,1.3468795355587808,0.0,0.0
Matt Forte,1-5,95,0.8947368421052632,22,0.8456081968648743,0.892018779342723,0.6075604716178437,0.5419553502694381
Matt Forte,6-10,85,3.070588235294118,9,1.1242236863195014,1.0654132393262827,0.9225858261393294,0.9829351535836177
Matt Forte,11-15,67,3.2388059701492535,4,0.9321923910293777,0.7841989758595465,1.1414257384406639,0.8951048951048951
Matt Forte,16-20,51,4.666666666666667,2,1.206941838649156,0.5919477693144722,1.4041252864782277,0.8311688311688312
Matt Forte,21-25,66,4.212121212121212,1,1.0677254161767435,0.7089627391742195,0.7782131661442006,0.5517241379310345
Matt Forte,26-30,69,4.7101449275362315,0,1.1047277079593056,0.676056338028169,0.0,0.0
Matt Forte,31-35,87,3.2298850574712645,1,0.7372905467722265,0.8480048735912276,0.920381272778245,0.7804878048780488
Matt Forte,36-40,92,3.6847826086956523,1,0.8085007786786109,0.8387464387464387,1.4130434782608694,1.1851851851851851
Matt Forte,41-45,93,3.3225806451612905,0,0.7036923167557099,0.8019401778496362,0.0,0.0
Matt Forte,46-50,116,5.862068965517241,3,1.3227079342951251,0.9314930991217064,4.294181034482758,4.0
Matt Forte,51-55,121,4.570247933884297,1,1.0007392826690371,0.8822055137844611,1.6487603305785126,1.4545454545454546
Matt Forte,56-60,121,4.090909090909091,0,0.8650975436379432,0.7953985209531635,0.0,0.0
Matt Forte,61-65,124,4.290322580645161,0,0.902114364371917,0.767653317856452,0.0,0.0
Matt Forte,66-70,169,5.06508875739645,1,1.0719940103405525,0.984525760058256,1.8057199211045365,1.7777777777777777
Matt Forte,71-75,146,4.541095890410959,0,0.9316272474315068,0.8721299234646257,0.0,0.0
Matt Forte,76-80,194,4.634020618556701,0,0.9874303678183747,0.9292022152372399,0.0,0.0
Matt Forte,81-85,130,4.992307692307692,0,1.0633839254915487,1.368421052631579,0.0,0.0
Matt Forte,86-90,83,5.144578313253012,0,1.04490125992317,1.1413837559088955,0.0,0.0
Matt Forte,91-95,73,4.493150684931507,0,0.9348437629521457,1.4455445544554455,0.0,0.0
Matt Forte,96-100,30,3.2,0,0.8184112843355605,1.3933236574746009,0.0,0.0
LeSean McCoy,1-5,69,0.8985507246376812,24,0.8492126648822012,0.647887323943662,0.9125414198212671,0.5912240184757506
LeSean McCoy,6-10,58,2.2586206896551726,4,0.8269408605606849,0.72698785742264,0.6009179710486053,0.4368600682593856
LeSean McCoy,11-15,56,3.1964285714285716,5,0.9199953378551127,0.6554498902706657,1.7070429570429573,1.118881118881119
LeSean McCoy,16-20,75,3.933333333333333,0,1.017279549718574,0.8705114254624592,0.0,0.0
LeSean McCoy,21-25,55,3.727272727272727,0,0.9448217711492046,0.590802282645183,0.0,0.0
LeSean McCoy,26-30,64,4.515625,2,1.059104578096948,0.6270667483159829,2.171542553191489,1.3617021276595744
LeSean McCoy,31-35,77,5.363636363636363,3,1.2243650522749396,0.7505330490405118,3.1197339246119733,2.3414634146341466
LeSean McCoy,36-40,59,6.271186440677966,2,1.375999525334729,0.5378917378917378,4.406779661016949,2.3703703703703702
LeSean McCoy,41-45,87,4.137931034482759,1,0.8763761025548178,0.7502021018593371,1.2925809822361545,0.9696969696969697
LeSean McCoy,46-50,103,5.184466019417476,4,1.1698146813531873,0.8271016311166876,6.448220064724918,5.333333333333333
LeSean McCoy,51-55,103,4.359223300970874,0,0.9545315839134487,0.7509683299156984,0.0,0.0
LeSean McCoy,56-60,116,5.922413793103448,1,1.2524027082896432,0.76253081347576,1.9983579638752054,1.5238095238095237
LeSean McCoy,61-65,106,5.726415094339623,0,1.2040775992613395,0.6562197717159992,0.0,0.0
LeSean McCoy,66-70,125,5.08,1,1.0751498805579103,0.7281995266703076,2.4413333333333336,1.7777777777777777
LeSean McCoy,71-75,118,5.338983050847458,0,1.0953175629361915,0.7048721299234646,0.0,0.0
LeSean McCoy,76-80,204,4.926470588235294,0,1.0497464438349173,0.9770992366412213,0.0,0.0
LeSean McCoy,81-85,84,4.178571428571429,0,0.8900544522741832,0.8842105263157894,0.0,0.0
LeSean McCoy,86-90,52,4.8076923076923075,0,0.9764772628087631,0.7150837988826816,0.0,0.0
LeSean McCoy,91-95,46,4.3478260869565215,0,0.9046075648927178,0.9108910891089109,0.0,0.0
LeSean McCoy,96-100,10,3.5,0,0.8951373422420194,0.46444121915820025,0.0,0.0
Fred Taylor,1-5,106,0.7924528301886793,31,0.7489404451699997,0.9953051643192489,0.7672665475619852,0.7636643571978445
Fred Taylor,6-10,71,3.183098591549296,7,1.1654167079055433,0.8899334116725421,0.859058789597654,0.764505119453925
Fred Taylor,11-15,107,3.869158878504673,9,1.1136204204476026,1.252377468910022,1.60813018756944,2.013986013986014
Fred Taylor,16-20,86,3.697674418604651,1,0.956330991753567,0.9981864345302865,0.4163394744790093,0.4155844155844156
Fred Taylor,21-25,110,4.927272727272728,3,1.2490082925923633,1.181604565290366,1.400783699059561,1.6551724137931034
Fred Taylor,26-30,102,4.147058823529412,1,0.9726602597951209,0.9993876301285977,0.6812682519816438,0.6808510638297872
Fred Taylor,31-35,123,4.056910569105691,1,0.9260768598507845,1.1989034419738045,0.6510013880626612,0.7804878048780488
Fred Taylor,36-40,116,5.094827586206897,2,1.1178874056126904,1.0575498575498576,2.2413793103448274,2.3703703703703702
Fred Taylor,41-45,127,6.228346456692913,3,1.3191070483270972,1.0951226084613312,2.6564065855404433,2.909090909090909
Fred Taylor,46-50,157,4.8789808917197455,1,1.100885502151814,1.260727728983689,1.0575902335456475,1.3333333333333333
Fred Taylor,51-55,156,4.839743589743589,1,1.0597502801528942,1.1373889268626112,1.2788461538461537,1.4545454545454546
Fred Taylor,56-60,198,4.616161616161616,0,0.9761717961544198,1.3015612161051766,0.0,0.0
Fred Taylor,61-65,188,5.037234042553192,2,1.0591653893323616,1.1638614819113948,2.61854103343465,3.0476190476190474
Fred Taylor,66-70,204,4.598039215686274,1,0.9731459278633238,1.188421627525942,1.4959150326797386,1.7777777777777777
Fred Taylor,71-75,204,5.151960784313726,1,1.0569490625600733,1.218592495799888,1.8757002801120448,2.2857142857142856
Fred Taylor,76-80,235,5.540425531914893,2,1.1805697192933406,1.1255800029935639,3.15886524822695,3.5555555555555554
Fred Taylor,81-85,103,4.281553398058253,0,0.9119900735774304,1.0842105263157895,0.0,0.0
Fred Taylor,86-90,64,5.546875,0,1.1266106419656106,0.8801031370863773,0.0,0.0
Fred Taylor,91-95,61,5.098360655737705,0,1.0607635920782967,1.2079207920792079,0.0,0.0
Fred Taylor,96-100,15,1.5333333333333334,0,0.3921554070774561,0.6966618287373004,0.0,0.0
Thomas Jones,1-5,134,1.0223880597014925,45,0.9662502793851044,1.2582159624413145,0.8810451208162421,1.1085450346420322
Thomas Jones,6-10,93,2.6344086021505375,8,0.9645267691510573,1.1656874265569919,0.7495320929208411,0.8737201365187713
Thomas Jones,11-15,92,4.108695652173913,4,1.1825638396719105,1.0768105340160936,0.8312557008209183,0.8951048951048951
Thomas Jones,16-20,111,3.5765765765765765,3,0.9250114091577506,1.2883569096844396,0.9677079677079677,1.2467532467532467
Thomas Jones,21-25,122,3.5163934426229506,1,0.8913662411141737,1.3105068815038603,0.42100056529112495,0.5517241379310345
Thomas Jones,26-30,125,4.56,2,1.0695123877917414,1.224739742804654,1.1118297872340426,1.3617021276595744
Thomas Jones,31-35,118,4.237288135593221,1,0.9672519085768699,1.1501675296984466,0.6785861926415875,0.7804878048780488
Thomas Jones,36-40,135,4.2444444444444445,1,0.9312996186785022,1.2307692307692308,0.9629629629629629,1.1851851851851851
Thomas Jones,41-45,127,4.094488188976378,0,0.8671753035778642,1.0951226084613312,0.0,0.0
Thomas Jones,46-50,147,3.931972789115646,0,0.8872040974251656,1.180426599749059,0.0,0.0
Thomas Jones,51-55,171,3.4678362573099415,0,0.7593461052351493,1.2467532467532467,0.0,0.0
Thomas Jones,56-60,200,4.245,2,0.8976828844483058,1.314708299096138,2.318095238095238,3.0476190476190474
Thomas Jones,61-65,203,3.9655172413793105,0,0.8338184363458347,1.256722770361772,0.0,0.0
Thomas Jones,66-70,219,4.9132420091324205,0,1.0398566061556749,1.2758055707263791,0.0,0.0
Thomas Jones,71-75,203,4.6600985221674875,1,0.956041198807109,1.2126190031734179,1.8849401829697396,2.2857142857142856
Thomas Jones,76-80,209,3.789473684210526,0,0.8074718914400243,1.001047747343212,0.0,0.0
Thomas Jones,81-85,118,4.101694915254237,0,0.8736794101998935,1.2421052631578948,0.0,0.0
Thomas Jones,86-90,82,5.146341463414634,0,1.0452593685402682,1.1276321443919208,0.0,0.0
Thomas Jones,91-95,47,4.8936170212765955,0,1.0181646847409525,0.9306930693069306,0.0,0.0
Thomas Jones,96-100,27,2.6296296296296298,0,0.6725370507850092,1.2539912917271407,0.0,0.0
Steven Jackson,1-5,117,1.0341880341880343,42,0.9774023351394401,1.0985915492957747,0.941789542251436,1.0346420323325636
Steven Jackson,6-10,81,2.382716049382716,9,0.8723754587801626,1.0152761457109283,0.9681456200227531,0.9829351535836177
Steven Jackson,11-15,92,3.1630434782608696,2,0.9103864480013915,1.0768105340160936,0.41562785041045913,0.4475524475524476
Steven Jackson,16-20,74,4.0675675675675675,2,1.0519966026063587,0.8589046064562931,0.9677079677079677,0.8311688311688312
Steven Jackson,21-25,101,3.9405940594059405,3,0.9988963327918904,1.084927828130245,1.5256060088767496,1.6551724137931034
Steven Jackson,26-30,103,4.456310679611651,3,1.0451928674765996,1.009185548071035,2.0239619913241067,2.042553191489362
Steven Jackson,31-35,122,4.311475409836065,0,0.9841867452712976,1.1891562595187328,0.0,0.0
Steven Jackson,36-40,134,4.231343283582089,1,0.9284250125256693,1.2216524216524216,0.9701492537313432,1.1851851851851851
Steven Jackson,41-45,143,4.5524475524475525,1,0.9641669254156413,1.2330908111021288,0.786395422759059,0.9696969696969697
Steven Jackson,46-50,154,5.025974025974026,3,1.1340527995870275,1.2366373902132999,3.234577922077922,4.0
Steven Jackson,51-55,171,5.309941520467836,1,1.1627087075101443,1.2467532467532467,1.1666666666666667,1.4545454545454546
Steven Jackson,56-60,201,4.970149253731344,2,1.0510289560019193,1.3212818405916187,2.306562425965411,3.0476190476190474
Steven Jackson,61-65,190,4.278947368421052,0,0.8997225296899654,1.176242987038112,0.0,0.0
Steven Jackson,66-70,192,4.473958333333333,0,0.9468849936425984,1.1185144729655925,0.0,0.0
Steven Jackson,71-75,232,3.5948275862068964,0,0.7374958402003042,1.3858502893410491,0.0,0.0
Steven Jackson,76-80,302,3.9271523178807946,0,0.8368088484965742,1.4464900464002395,0.0,0.0
Steven Jackson,81-85,135,4.874074074074074,0,1.0381996346121907,1.4210526315789473,0.0,0.0
Steven Jackson,86-90,115,3.5304347826086957,0,0.7170569729536908,1.5814353244520842,0.0,0.0
Steven Jackson,91-95,75,4.826666666666667,0,1.0042350113729026,1.4851485148514851,0.0,0.0
Steven Jackson,96-100,32,3.9375,0,1.0070295100222717,1.486211901306241,0.0,0.0
Marshall Faulk,1-5,166,1.0120481927710843,65,0.9564781588918068,1.5586854460093895,1.027296251982526,1.6012317167051577
Marshall Faulk,6-10,108,2.935185185185185,18,1.0746490431346305,1.3537015276145712,1.4522184300341294,1.9658703071672354
Marshall Faulk,11-15,100,3.69,4,1.0620549531529635,1.1704462326261886,0.7647552447552448,0.8951048951048951
Marshall Faulk,16-20,108,3.787037037037037,4,0.9794428809672713,1.2535364526659412,1.326118326118326,1.6623376623376624
Marshall Faulk,21-25,120,3.25,0,0.8238384955752212,1.2890231621349446,0.0,0.0
Marshall Faulk,26-30,134,4.201492537313433,1,0.9854272622524719,1.312921004286589,0.5185773261352811,0.6808510638297872
Marshall Faulk,31-35,122,5.286885245901639,3,1.20684496330796,1.1891562595187328,1.969012395041983,2.3414634146341466
Marshall Faulk,36-40,132,4.121212121212121,0,0.9042604579267703,1.2034188034188034,0.0,0.0
Marshall Faulk,41-45,137,4.437956204379562,1,0.9399187007449238,1.1813527351118296,0.8208360982083609,0.9696969696969697
Marshall Faulk,46-50,132,3.492424242424242,0,0.7880250612117436,1.0599749058971142,0.0,0.0
Marshall Faulk,51-55,160,4.6875,0,1.0264137647176212,1.166552745500114,0.0,0.0
Marshall Faulk,56-60,188,4.3563829787234045,0,0.9212368523208312,1.2358258011503698,0.0,0.0
Marshall Faulk,61-65,212,4.438679245283019,1,0.9333089134307417,1.3124395434319984,1.1610512129380053,1.5238095238095237
Marshall Faulk,66-70,205,5.790243902439024,2,1.225468511832379,1.1942472237393045,2.977235772357724,3.5555555555555554
Marshall Faulk,71-75,201,5.124378109452737,1,1.0512903466734955,1.200672017920478,1.9036958066808811,2.2857142857142856
Marshall Faulk,76-80,278,5.129496402877698,0,1.0930077651217036,1.331537195030684,0.0,0.0
Marshall Faulk,81-85,141,4.929078014184397,0,1.0499157205101293,1.4842105263157894,0.0,0.0
Marshall Faulk,86-90,101,5.02970297029703,0,1.021569242548764,1.3889127632144391,0.0,0.0
Marshall Faulk,91-95,65,4.6,0,0.9570748036564953,1.2871287128712872,0.0,0.0
Marshall Faulk,96-100,27,3.925925925925926,0,1.0040693997635348,1.2539912917271407,0.0,0.0
Jamaal Charles,1-5,40,1.9,20,1.7956738768718803,0.3755868544600939,1.3117782909930715,0.4926866820631255
Jamaal Charles,6-10,40,2.925,4,1.0709199770543525,0.5013709361535448,0.8713310580204778,0.4368600682593856
Jamaal Charles,11-15,29,3.0689655172413794,1,0.8833089508514508,0.3394294074615948,0.6592717627200386,0.22377622377622375
Jamaal Charles,16-20,43,4.6976744186046515,2,1.2149613857498147,0.4990932172651432,1.6653578979160375,0.8311688311688312
Jamaal Charles,21-25,53,4.735849056603773,0,1.2004845421734718,0.5693185632762672,0.0,0.0
Jamaal Charles,26-30,38,4.684210526315789,0,1.0986449966928091,0.3723208818126148,0.0,0.0
Jamaal Charles,31-35,42,6.142857142857143,2,1.4022389097482966,0.4093816631130064,3.8130081300813004,1.5609756097560976
Jamaal Charles,36-40,64,4.484375,3,0.9839442551728449,0.5834757834757835,6.09375,3.5555555555555554
Jamaal Charles,41-45,56,6.589285714285714,1,1.3955506954522479,0.4828887092427917,2.008116883116883,0.9696969696969697
Jamaal Charles,46-50,84,5.5,1,1.2410112677651322,0.6745294855708908,1.9766865079365077,1.3333333333333333
Jamaal Charles,51-55,74,6.1891891891891895,0,1.3552360482613925,0.5395306447938026,0.0,0.0
Jamaal Charles,56-60,97,7.288659793814433,2,1.5413204116545898,0.637633525061627,4.7795778105056455,3.0476190476190474
Jamaal Charles,61-65,106,5.89622641509434,1,1.2397833600302095,0.6562197717159992,2.322102425876011,1.5238095238095237
Jamaal Charles,66-70,114,5.2368421052631575,0,1.1083445204673856,0.6641179683233206,0.0,0.0
Jamaal Charles,71-75,132,4.833333333333333,0,0.9915811376633987,0.7885010266940452,0.0,0.0
Jamaal Charles,76-80,168,5.833333333333333,2,1.242983351406519,0.8046699595868883,4.418650793650793,3.5555555555555554
Jamaal Charles,81-85,74,5.743243243243243,0,1.2233365652648163,0.7789473684210526,0.0,0.0
Jamaal Charles,86-90,36,7.694444444444445,1,1.562797610388603,0.4950580146110872,10.773148148148147,5.333333333333333
Jamaal Charles,91-95,25,7.92,1,1.6478331402085749,0.49504950495049505,12.927999999999999,6.4
Jamaal Charles,96-100,10,3.0,0,0.767260579064588,0.46444121915820025,0.0,0.0
Priest Holmes,1-5,106,1.2264150943396226,54,1.1590744984773804,0.9953051643192489,1.3365288247853937,1.3302540415704387
Priest Holmes,6-10,73,3.095890410958904,10,1.1334874830314186,0.9150019584802194,1.1936041890691476,1.0921501706484642
Priest Holmes,11-15,85,4.329411764705882,11,1.2460903005269903,0.9948792977322605,2.4742081447963806,2.4615384615384617
Priest Holmes,16-20,75,4.1466666666666665,0,1.072454033771107,0.8705114254624592,0.0,0.0
Priest Holmes,21-25,83,5.265060240963855,4,1.3346336332395612,0.8915743538100034,2.47528043207312,2.206896551724138
Priest Holmes,26-30,78,5.243589743589744,2,1.2298430235234543,0.7642375995101041,1.7817785051827604,1.3617021276595744
Priest Holmes,31-35,79,5.253164556962025,3,1.199147492734413,0.7700274139506549,3.0407533189255944,2.3414634146341466
Priest Holmes,36-40,95,5.231578947368421,1,1.1478928614904769,0.8660968660968661,1.3684210526315788,1.1851851851851851
Priest Holmes,41-45,89,4.550561797752809,0,0.9637675397477841,0.7674481271894368,0.0,0.0
Priest Holmes,46-50,93,3.806451612903226,0,0.8588816985119391,0.7468005018820577,0.0,0.0
Priest Holmes,51-55,96,4.708333333333333,0,1.0309756036719218,0.6999316473000683,0.0,0.0
Priest Holmes,56-60,136,4.772058823529412,0,1.0091391117698165,0.8940016433853739,0.0,0.0
Priest Holmes,61-65,133,4.7593984962406015,1,1.0007456708728661,0.8233700909266782,1.8506981740064445,1.5238095238095237
Priest Holmes,66-70,128,4.59375,0,0.9722381424828543,0.745676315310395,0.0,0.0
Priest Holmes,71-75,120,5.633333333333334,0,1.1557049121732028,0.7168191151764047,0.0,0.0
Priest Holmes,76-80,137,5.576642335766423,0,1.188286899446816,0.6561891932345457,0.0,0.0
Priest Holmes,81-85,56,3.767857142857143,0,0.8025704676489429,0.5894736842105264,0.0,0.0
Priest Holmes,86-90,66,4.863636363636363,0,0.9878399073214469,0.9076063601203266,0.0,0.0
Priest Holmes,91-95,38,6.131578947368421,0,1.2757347211210723,0.7524752475247525,0.0,0.0
Priest Holmes,96-100,11,6.909090909090909,0,1.767024363906324,0.5108853410740204,0.0,0.0
Chris Johnson,1-5,58,0.6896551724137931,18,0.6517872511331689,0.5446009389671361,0.8142072150991478,0.4434180138568129
Chris Johnson,6-10,48,2.2291666666666665,6,0.8161569625699125,0.6016451233842538,1.0891638225255973,0.6552901023890785
Chris Johnson,11-15,61,3.098360655737705,3,0.8917694528673424,0.7139722019019752,0.9402728419121862,0.6713286713286714
Chris Johnson,16-20,70,3.2285714285714286,5,0.8350067006164568,0.8124773304316286,2.557513914656772,2.0779220779220777
Chris Johnson,21-25,79,3.0,2,0.7604663036078965,0.8486069150721719,1.3003055434308162,1.103448275862069
Chris Johnson,26-30,103,4.155339805825243,5,0.9746024995206637,1.009185548071035,3.3732699855401775,3.404255319148936
Chris Johnson,31-35,115,4.443478260869565,2,1.0143192275368365,1.1209259823332318,1.392576882290562,1.5609756097560976
Chris Johnson,36-40,115,4.321739130434783,1,0.9482593203616984,1.0484330484330484,1.1304347826086956,1.1851851851851851
Chris Johnson,41-45,110,5.209090909090909,0,1.103238007284349,0.9485313931554837,0.0,0.0
Chris Johnson,46-50,104,4.548076923076923,1,1.0262208560365518,0.8351317440401506,1.5965544871794872,1.3333333333333333
Chris Johnson,51-55,124,3.814516129032258,1,0.8352579969228986,0.9040783777625883,1.6088709677419355,1.4545454545454546
Chris Johnson,56-60,130,5.130769230769231,2,1.0849949876361693,0.8545603944124898,3.5663003663003665,3.0476190476190474
Chris Johnson,61-65,132,4.462121212121212,0,0.93823799151668,0.8171793383633198,0.0,0.0
Chris Johnson,66-70,146,5.787671232876712,1,1.2249240225857971,0.8505370471509194,2.0901826484018264,1.7777777777777777
Chris Johnson,71-75,162,4.987654320987654,0,1.0232408163882838,0.9677058054881463,0.0,0.0
Chris Johnson,76-80,269,4.765799256505576,2,1.0155101369111996,1.2884298757671007,2.759603469640644,3.5555555555555554
Chris Johnson,81-85,100,6.03,2,1.2844170403587443,1.0526315789473684,6.7555555555555555,7.111111111111111
Chris Johnson,86-90,71,5.605633802816901,1,1.1385449820332485,0.9763644177051998,5.462441314553991,5.333333333333333
Chris Johnson,91-95,72,6.277777777777778,2,1.3061528117534298,1.4257425742574257,8.977777777777778,12.8
Chris Johnson,96-100,25,1.8,0,0.46035634743875276,1.1611030478955007,0.0,0.0
Corey Dillon,1-5,128,1.1953125,53,1.129679700499168,1.2018779342723005,1.0863163972286374,1.3056197074672826
Corey Dillon,6-10,78,2.6538461538461537,10,0.9716433716863948,0.9776733254994124,1.1170911000262536,1.0921501706484642
Corey Dillon,11-15,88,3.6818181818181817,6,1.0597000641215821,1.029992684711046,1.303560076287349,1.3426573426573427
Corey Dillon,16-20,81,3.8395061728395063,2,0.9930129942325066,0.940152339499456,0.884078884078884,0.8311688311688312
Corey Dillon,21-25,87,5.195402298850575,2,1.316976127320955,0.9345417925478349,1.1807372175980975,1.103448275862069
Corey Dillon,26-30,100,3.79,0,0.8889149012567324,0.9797917942437232,0.0,0.0
Corey Dillon,31-35,100,4.52,2,1.0317869559171184,0.9747182455071581,1.6014634146341464,1.5609756097560976
Corey Dillon,36-40,105,4.895238095238096,0,1.0740942498146975,0.9572649572649573,0.0,0.0
Corey Dillon,41-45,126,4.420634920634921,1,0.9362502106195749,1.0864995957962813,0.8924963924963923,0.9696969696969697
Corey Dillon,46-50,137,4.781021897810219,1,1.0787821902935124,1.100125470514429,1.2119829683698295,1.3333333333333333
Corey Dillon,51-55,155,4.703225806451613,0,1.0298572173476415,1.1300979722032354,0.0,0.0
Corey Dillon,56-60,195,4.446153846153846,0,0.9402205440085545,1.2818405916187345,0.0,0.0
Corey Dillon,61-65,224,4.790178571428571,1,1.0072177128793998,1.3867285741923003,1.0988520408163265,1.5238095238095237
Corey Dillon,66-70,229,3.925764192139738,1,0.8308631697396771,1.3340615328600036,1.3326055312954876,1.7777777777777777
Corey Dillon,71-75,244,4.454918032786885,1,0.9139474533409676,1.4575322008586895,1.5682084309133488,2.2857142857142856
Corey Dillon,76-80,227,4.687224669603524,1,0.9987672391918462,1.0872623858703787,1.6350954478707784,1.7777777777777777
Corey Dillon,81-85,125,4.624,0,0.9849327354260088,1.3157894736842106,0.0,0.0
Corey Dillon,86-90,78,4.756410256410256,0,0.9660615053388031,1.0726256983240223,0.0,0.0
Corey Dillon,91-95,65,4.3538461538461535,0,0.9058600984441076,1.2871287128712872,0.0,0.0
Corey Dillon,96-100,45,5.177777777777778,1,1.3242349253485113,2.0899854862119014,7.655555555555556,16.0
Jamal Lewis,1-5,127,1.0,41,0.9450915141430949,1.192488262910798,0.8469749595388335,1.0100076982294073
Jamal Lewis,6-10,88,2.397727272727273,3,0.877871465262115,1.1030160595377987,0.29704467887061736,0.32764505119453924
Jamal Lewis,11-15,96,3.5625,3,1.0253579324139384,1.1236283833211411,0.597465034965035,0.6713286713286714
Jamal Lewis,16-20,106,3.311320754716981,1,0.856408191440405,1.230322814653609,0.33778485665278124,0.4155844155844156
Jamal Lewis,21-25,92,3.5543478260869565,2,0.9009872510137035,0.9882510909701242,1.116566716641679,1.103448275862069
Jamal Lewis,26-30,119,3.857142857142857,1,0.9046627340343677,1.1659522351500307,0.583944215984266,0.6808510638297872
Jamal Lewis,31-35,106,4.188679245283019,1,0.9561558866822523,1.0332013402375875,0.7554072710538425,0.7804878048780488
Jamal Lewis,36-40,117,4.17948717948718,1,0.9170469463024318,1.0666666666666667,1.1111111111111112,1.1851851851851851
Jamal Lewis,41-45,115,4.469565217391304,0,0.9466132017885589,0.9916464564807329,0.0,0.0
Jamal Lewis,46-50,144,3.2777777777777777,0,0.7395925737186142,1.15633626097867,0.0,0.0
Jamal Lewis,51-55,162,3.4814814814814814,0,0.7623339763631122,1.1811346548188653,0.0,0.0
Jamal Lewis,56-60,192,4.692708333333333,0,0.9923589994207934,1.2621199671322925,0.0,0.0
Jamal Lewis,61-65,199,4.839195979899498,1,1.01752446894604,1.231959760108338,1.2368987796123474,1.5238095238095237
Jamal Lewis,66-70,199,5.231155778894473,1,1.1071410454445303,1.1592936464591297,1.533500837520938,1.7777777777777777
Jamal Lewis,71-75,192,4.963541666666667,2,1.0182939915875204,1.1469105842822476,3.985863095238095,4.571428571428571
Jamal Lewis,76-80,243,4.8765432098765435,0,1.0391077752498943,1.163897620116749,0.0,0.0
Jamal Lewis,81-85,87,4.747126436781609,1,1.0111592185969793,0.9157894736842105,3.88250319284802,3.5555555555555554
Jamal Lewis,86-90,83,5.156626506024097,0,1.0473483354733415,1.1413837559088955,0.0,0.0
Jamal Lewis,91-95,58,5.172413793103448,0,1.0761710685792678,1.1485148514851484,0.0,0.0
Jamal Lewis,96-100,21,6.0,0,1.534521158129176,0.9753265602322206,0.0,0.0
Eddie George,1-5,128,1.109375,45,1.048460898502496,1.2018779342723005,0.9223441108545034,1.1085450346420322
Eddie George,6-10,121,2.2975206611570247,9,0.8411831705053613,1.5166470818644733,0.6480974811722562,0.9829351535836177
Eddie George,11-15,123,3.7560975609756095,7,1.081079137983716,1.439648866130212,1.0880664051395759,1.5664335664335665
Eddie George,16-20,132,3.8333333333333335,4,0.9914165103189494,1.5321001088139283,1.0850059031877215,1.6623376623376624
Eddie George,21-25,157,3.305732484076433,1,0.8379660542940515,1.6864719704598858,0.327146936086097,0.5517241379310345
Eddie George,26-30,172,3.6569767441860463,1,0.857715335476598,1.6852418860992038,0.4040079168728352,0.6808510638297872
Eddie George,31-35,190,4.021052631578947,2,0.9178915164423366,1.8519646664636005,0.8428754813863928,1.5609756097560976
Eddie George,36-40,157,4.515923566878981,1,0.9908665199565683,1.4313390313390313,0.8280254777070064,1.1851851851851851
Eddie George,41-45,173,3.994219653179191,1,0.8459393409969169,1.4917811910536243,0.6500262743037308,0.9696969696969697
Eddie George,46-50,161,3.720496894409938,0,0.8394870122996207,1.2928481806775407,0.0,0.0
Eddie George,51-55,145,4.206896551724138,0,0.9211768591856536,1.0571884256094783,0.0,0.0
Eddie George,56-60,182,3.758241758241758,0,0.7947489521772754,1.1963845521774856,0.0,0.0
Eddie George,61-65,197,4.091370558375634,0,0.8602812682033785,1.2195782549816212,0.0,0.0
Eddie George,66-70,179,3.4022346368715084,0,0.7200614495004699,1.0427817221918805,0.0,0.0
Eddie George,71-75,198,4.146464646464646,0,0.8506667858115469,1.1827515400410678,0.0,0.0
Eddie George,76-80,172,3.505813953488372,0,0.7470288646825225,0.8238287681484808,0.0,0.0
Eddie George,81-85,112,3.75,0,0.7987668161434978,1.1789473684210527,0.0,0.0
Eddie George,86-90,95,3.1578947368421053,0,0.6413913810449139,1.3064030941125913,0.0,0.0
Eddie George,91-95,63,4.2063492063492065,0,0.8751719219081135,1.2475247524752475,0.0,0.0
Eddie George,96-100,17,2.588235294117647,0,0.6619503035067034,0.7895500725689405,0.0,0.0
Deuce McAllister,1-5,86,1.3604651162790697,32,1.2857640366830476,0.8075117370892019,0.9762071002739137,0.7882986913010008
Deuce McAllister,6-10,46,2.869565217391304,6,1.050623834791338,0.5765765765765766,1.1365187713310578,0.6552901023890785
Deuce McAllister,11-15,51,2.9411764705882355,2,0.8465287367710533,0.5969275786393562,0.749760043877691,0.4475524475524476
Deuce McAllister,16-20,53,4.735849056603773,2,1.2248345074161917,0.6151614073268046,1.3511394266111247,0.8311688311688312
Deuce McAllister,21-25,56,3.607142857142857,4,0.9143701983856851,0.6015441423296408,3.6687192118226597,2.206896551724138
Deuce McAllister,26-30,59,2.9661016949152543,0,0.6956759881934089,0.5780771586037967,0.0,0.0
Deuce McAllister,31-35,60,2.8,0,0.6391600611875956,0.5848309473042949,0.0,0.0
Deuce McAllister,36-40,75,4.8133333333333335,0,1.056123023066825,0.6837606837606838,0.0,0.0
Deuce McAllister,41-45,77,4.324675324675325,0,0.9159268422480384,0.6639719752088387,0.0,0.0
Deuce McAllister,46-50,88,3.875,0,0.8743488477436159,0.7066499372647428,0.0,0.0
Deuce McAllister,51-55,91,5.186813186813187,2,1.1357475093256375,0.6634768740031898,4.384615384615385,2.909090909090909
Deuce McAllister,56-60,92,5.445652173913044,0,1.1515827446832623,0.6047658175842234,0.0,0.0
Deuce McAllister,61-65,97,4.175257731958763,0,0.8779199941624231,0.6005029986457728,0.0,0.0
Deuce McAllister,66-70,107,5.242990654205608,0,1.1096458219754721,0.6233387948297834,0.0,0.0
Deuce McAllister,71-75,116,5.758620689655173,0,1.1814082044455714,0.6929251446705246,0.0,0.0
Deuce McAllister,76-80,137,4.91970802919708,1,1.0483054584125053,0.6561891932345457,2.709245742092457,1.7777777777777777
Deuce McAllister,81-85,64,4.046875,0,0.8620025224215246,0.6736842105263158,0.0,0.0
Deuce McAllister,86-90,34,4.705882352941177,0,0.9557989207728129,0.467554791577138,0.0,0.0
Deuce McAllister,91-95,32,3.1875,0,0.6631904210119737,0.6336633663366337,0.0,0.0
Deuce McAllister,96-100,9,3.7777777777777777,0,0.9661799884517034,0.4179970972423802,0.0,0.0
Edgerrin James,1-5,162,0.9197530864197531,58,0.8692508370822292,1.5211267605633803,0.9392980355259031,1.4287913779830639
Edgerrin James,6-10,117,2.6666666666666665,8,0.9763373010182131,1.4665099882491186,0.595781920014002,0.8737201365187713
Edgerrin James,11-15,135,3.4814814814814814,5,1.0020392010075134,1.5801024140453548,0.7081067081067081,1.118881118881119
Edgerrin James,16-20,121,4.537190082644628,2,1.1734552587102476,1.404425099746101,0.5918214017387571,0.8311688311688312
Edgerrin James,21-25,146,4.472602739726027,2,1.133754557662001,1.5683115139308494,0.7035899858290032,1.103448275862069
Edgerrin James,26-30,132,4.856060606060606,3,1.138951090800283,1.2933251684017146,1.5793036750483558,2.042553191489362
Edgerrin James,31-35,154,4.194805194805195,0,0.9575542660649043,1.5010660980810235,0.0,0.0
Edgerrin James,36-40,149,4.6375838926174495,0,1.0175607590852815,1.3584045584045583,0.0,0.0
Edgerrin James,41-45,183,3.6830601092896176,1,0.7800385838131361,1.5780113177041228,0.6145057128663686,0.9696969696969697
Edgerrin James,46-50,182,4.43956043956044,0,1.0017353689852417,1.4614805520702636,0.0,0.0
Edgerrin James,51-55,213,4.314553990610329,0,0.9447504223103539,1.5529733424470267,0.0,0.0
Edgerrin James,56-60,205,4.336585365853659,0,0.9170502850119726,1.3475760065735414,0.0,0.0
Edgerrin James,61-65,197,4.218274111675127,1,0.8869649303684957,1.2195782549816212,1.2494561276287164,1.5238095238095237
Edgerrin James,66-70,222,4.427927927927928,0,0.9371429493761312,1.2932823593664664,0.0,0.0
Edgerrin James,71-75,201,4.577114427860696,0,0.9390166203297239,1.200672017920478,0.0,0.0
Edgerrin James,76-80,245,4.248979591836735,0,0.9053847245347076,1.1734770243975452,0.0,0.0
Edgerrin James,81-85,114,4.245614035087719,0,0.9043348281016441,1.2,0.0,0.0
Edgerrin James,86-90,77,3.831168831168831,0,0.7781382447525417,1.0588740868070476,0.0,0.0
Edgerrin James,91-95,38,5.052631578947368,0,1.051249212254274,0.7524752475247525,0.0,0.0
Edgerrin James,96-100,38,2.789473684210526,0,0.7134177314109327,1.7648766328011611,0.0,0.0
Tiki Barber,1-5,80,0.85,30,0.8033277870216307,0.7511737089201878,0.9838337182448036,0.7390300230946882
Tiki Barber,6-10,79,2.569620253164557,5,0.9408060384811578,0.990207598903251,0.5514753531775176,0.5460750853242321
Tiki Barber,11-15,71,4.338028169014085,6,1.2485702720375311,0.831016825164594,1.615680094553334,1.3426573426573427
Tiki Barber,16-20,89,3.2808988764044944,3,0.8485401690663407,1.033006891548785,1.206916678826791,1.2467532467532467
Tiki Barber,21-25,91,3.5714285714285716,2,0.9053170281046388,0.9775092312856664,1.1288366805608185,1.103448275862069
Tiki Barber,26-30,98,4.744897959183674,0,1.112878760121643,0.9601959583588487,0.0,0.0
Tiki Barber,31-35,98,4.0,1,0.9130858016965652,0.9552238805970149,0.8170731707317072,0.7804878048780488
Tiki Barber,36-40,98,5.214285714285714,0,1.1440984470302467,0.8934472934472935,0.0,0.0
Tiki Barber,41-45,117,5.3418803418803416,2,1.131361599630062,1.0088924818108327,1.9222999222999224,1.9393939393939394
Tiki Barber,46-50,127,4.724409448818897,1,1.0660082471855108,1.0198243412797992,1.3074146981627295,1.3333333333333333
Tiki Barber,51-55,164,5.475609756097561,2,1.1989847944278684,1.1957165641376168,2.432926829268293,2.909090909090909
Tiki Barber,56-60,165,5.472727272727273,0,1.1573082694889818,1.0846343467543138,0.0,0.0
Tiki Barber,61-65,168,3.613095238095238,0,0.759715628105369,1.0400464306442252,0.0,0.0
Tiki Barber,66-70,195,4.846153846153846,0,1.0256578206412528,1.13599126160568,0.0,0.0
Tiki Barber,71-75,168,7.041666666666667,1,1.4446311402165035,1.0035467612469666,2.2776360544217686,2.2857142857142856
Tiki Barber,76-80,186,4.919354838709677,1,1.0482301995732395,0.8908845981140547,1.9955197132616487,1.7777777777777777
Tiki Barber,81-85,94,4.031914893617022,0,0.8588159526762713,0.9894736842105263,0.0,0.0
Tiki Barber,86-90,69,6.434782608695652,0,1.3069511329697812,0.9488611946712505,0.0,0.0
Tiki Barber,91-95,47,6.297872340425532,1,1.3103336812318347,0.9306930693069306,6.876595744680851,6.4
Tiki Barber,96-100,18,4.722222222222222,0,1.2077249855646293,0.8359941944847605,0.0,0.0
Maurice Jones-Drew,1-5,97,0.865979381443299,35,0.8184297648249481,0.9107981220657277,0.9466441275207732,0.8622016936104696
Maurice Jones-Drew,6-10,74,3.189189189189189,15,1.1676466370285385,0.927536231884058,1.766211604095563,1.6382252559726962
Maurice Jones-Drew,11-15,79,3.632911392405063,3,1.045623723216701,0.9246525237746891,0.7260334602106755,0.6713286713286714
Maurice Jones-Drew,16-20,60,3.5,2,0.9052063789868668,0.6964091403699674,1.1935064935064936,0.8311688311688312
Maurice Jones-Drew,21-25,58,3.1724137931034484,1,0.8041712635853618,0.6230278616985565,0.885552913198573,0.5517241379310345
Maurice Jones-Drew,26-30,79,4.253164556962025,1,0.9975465309183463,0.7740355174525413,0.8796121734446539,0.6808510638297872
Maurice Jones-Drew,31-35,85,5.105882352941176,2,1.1655271704009096,0.8285105086810843,1.8840746054519366,1.5609756097560976
Maurice Jones-Drew,36-40,76,4.934210526315789,0,1.082645430228694,0.6928774928774929,0.0,0.0
Maurice Jones-Drew,41-45,71,3.084507042253521,0,0.6532704961649821,0.6122338992185394,0.0,0.0
Maurice Jones-Drew,46-50,94,5.9361702127659575,2,1.3394280220753265,0.7548306148055207,3.532801418439716,2.666666666666667
Maurice Jones-Drew,51-55,128,4.875,1,1.067470315306326,0.9332421964000911,1.55859375,1.4545454545454546
Maurice Jones-Drew,56-60,109,5.330275229357798,2,1.1271841796921702,0.7165160230073953,4.253385757972914,3.0476190476190474
Maurice Jones-Drew,61-65,133,5.2330827067669174,1,1.1003459509123457,0.8233700909266782,1.8506981740064445,1.5238095238095237
Maurice Jones-Drew,66-70,134,4.343283582089552,0,0.9192285087623453,0.7806298925905698,0.0,0.0
Maurice Jones-Drew,71-75,167,4.419161676646707,1,0.906611868175414,0.9975732686204966,2.2912745936698036,2.2857142857142856
Maurice Jones-Drew,76-80,216,5.097222222222222,2,1.0861306903956964,1.0345756623259992,3.436728395061728,3.5555555555555554
Maurice Jones-Drew,81-85,58,5.810344827586207,0,1.2376295036338334,0.6105263157894737,0.0,0.0
Maurice Jones-Drew,86-90,74,4.851351351351352,0,0.9853447320061618,1.0176192522561238,0.0,0.0
Maurice Jones-Drew,91-95,39,3.3846153846153846,0,0.7042021966703311,0.7722772277227723,0.0,0.0
Maurice Jones-Drew,96-100,21,4.523809523809524,0,1.1569802382719978,0.9753265602322206,0.0,0.0
Jerome Bettis,1-5,172,1.186046511627907,62,1.1209224935185544,1.6150234741784038,0.9457006283903538,1.527328714395689
Jerome Bettis,6-10,105,3.123809523809524,12,1.1437094097641927,1.3160987074030552,0.9958069234519745,1.310580204778157
Jerome Bettis,11-15,136,3.2426470588235294,4,0.9332979322900863,1.5918068763716167,0.5623200329082683,0.8951048951048951
Jerome Bettis,16-20,124,2.8629032258064515,0,0.7404337892634509,1.4392455567645992,0.0,0.0
Jerome Bettis,21-25,129,4.10077519379845,2,1.0395004511849542,1.3856998992950655,0.7963111467522053,1.103448275862069
Jerome Bettis,26-30,147,3.421768707482993,0,0.8025491273708765,1.440293937538273,0.0,0.0
Jerome Bettis,31-35,122,3.7540983606557377,0,0.8569534778217762,1.1891562595187328,0.0,0.0
Jerome Bettis,36-40,173,4.595375722543353,0,1.0082996053089435,1.5772079772079772,0.0,0.0
Jerome Bettis,41-45,165,4.406060606060606,2,0.9331635035435971,1.4227970897332256,1.3630853994490357,1.9393939393939394
Jerome Bettis,46-50,195,4.5025641025641026,2,1.0159514154757912,1.5658720200752823,1.7029914529914527,2.666666666666667
Jerome Bettis,51-55,170,3.6,0,0.788285771303133,1.239462292093871,0.0,0.0
Jerome Bettis,56-60,219,3.9269406392694064,0,0.8304234158107502,1.4396055875102711,0.0,0.0
Jerome Bettis,61-65,233,4.828326180257511,0,1.0152389059818197,1.4424453472625265,0.0,0.0
Jerome Bettis,66-70,217,3.806451612903226,0,0.8056114167248756,1.264154378299654,0.0,0.0
Jerome Bettis,71-75,213,5.206572769953052,0,1.068152969080825,1.2723539294381183,0.0,0.0
Jerome Bettis,76-80,232,4.116379310344827,0,0.8771298772856347,1.1112108965723695,0.0,0.0
Jerome Bettis,81-85,104,3.0961538461538463,0,0.659494653328734,1.0947368421052632,0.0,0.0
Jerome Bettis,86-90,66,4.454545454545454,0,0.9047505693224467,0.9076063601203266,0.0,0.0
Jerome Bettis,91-95,42,3.5476190476190474,0,0.7381166964017485,0.8316831683168316,0.0,0.0
Jerome Bettis,96-100,27,2.8518518518518516,0,0.7293711677527565,1.2539912917271407,0.0,0.0
Shaun Alexander,1-5,115,1.0956521739130434,65,1.0354915720176516,1.07981220657277,1.482879807209559,1.6012317167051577
Shaun Alexander,6-10,69,2.9855072463768115,11,1.0930732826616951,0.8648648648648649,1.3890784982935152,1.2013651877133107
Shaun Alexander,11-15,89,3.6292134831460676,4,1.0445593918224392,1.041697147037308,0.8592755559047693,0.8951048951048951
Shaun Alexander,16-20,85,4.894117647058824,5,1.2657675753228121,0.9865796155241204,2.1061879297173416,2.0779220779220777
Shaun Alexander,21-25,106,4.820754716981132,4,1.2220071734076576,1.1386371265525344,1.9381912817176317,2.206896551724138
Shaun Alexander,26-30,110,4.1,2,0.9616229802513464,1.0777709736680956,1.2634429400386846,1.3617021276595744
Shaun Alexander,31-35,113,4.185840707964601,2,0.955507929651494,1.1014316174230887,1.4172242607381826,1.5609756097560976
Shaun Alexander,36-40,141,4.439716312056738,0,0.9741454182233636,1.2854700854700853,0.0,0.0
Shaun Alexander,41-45,128,5.5546875,3,1.1764322173553248,1.103745621126381,2.635653409090909,2.909090909090909
Shaun Alexander,46-50,147,4.401360544217687,1,0.9931160052492771,1.180426599749059,1.12953514739229,1.3333333333333333
Shaun Alexander,51-55,161,3.981366459627329,0,0.8717929251299315,1.1738437001594897,0.0,0.0
Shaun Alexander,56-60,160,4.49375,1,0.9502856211989574,1.0517666392769105,1.448809523809524,1.5238095238095237
Shaun Alexander,61-65,150,4.446666666666666,0,0.9349884066224625,0.9286128845037724,0.0,0.0
Shaun Alexander,66-70,165,4.381818181818182,0,0.9273841131512396,0.9612233752048062,0.0,0.0
Shaun Alexander,71-75,132,4.825757575757576,0,0.9900269352532681,0.7885010266940452,0.0,0.0
Shaun Alexander,76-80,146,4.4520547945205475,0,0.9486565695666191,0.699296512498129,0.0,0.0
Shaun Alexander,81-85,85,4.0,0,0.8520179372197308,0.8947368421052632,0.0,0.0
Shaun Alexander,86-90,48,8.375,2,1.7010233918128654,0.660077352814783,16.15972222222222,10.666666666666666
Shaun Alexander,91-95,27,3.8518518518518516,0,0.8014152945271781,0.5346534653465347,0.0,0.0
Shaun Alexander,96-100,12,5.583333333333333,0,1.4279571888146498,0.5573294629898404,0.0,0.0
Arian Foster,1-5,86,1.313953488372093,37,1.2418062918391826,0.8075117370892019,1.1287394596917126,0.9114703618167821
Arian Foster,6-10,63,2.857142857142857,5,1.0460756796623714,0.7896592244418331,0.6915325857305379,0.5460750853242321
Arian Foster,11-15,55,4.2727272727272725,5,1.2297753830546756,0.6437454279444038,1.7380801017164655,1.118881118881119
Arian Foster,16-20,67,4.149253731343284,2,1.0731231273277142,0.7776568734131302,1.0688117852296957,0.8311688311688312
Arian Foster,21-25,58,3.7241379310344827,1,0.9440271355132508,0.6230278616985565,0.885552913198573,0.5517241379310345
Arian Foster,26-30,67,4.656716417910448,0,1.0921964682869316,0.6564605021432945,0.0,0.0
Arian Foster,31-35,58,5.224137931034483,2,1.192521542733014,0.5653365823941516,2.7611438183347348,1.5609756097560976
Arian Foster,36-40,52,4.519230769230769,0,0.9915921735325374,0.4740740740740741,0.0,0.0
Arian Foster,41-45,75,5.546666666666667,1,1.1747334779134802,0.6467259498787389,1.4993939393939395,0.9696969696969697
Arian Foster,46-50,76,5.0394736842105265,0,1.1370988410383869,0.6102885821831869,0.0,0.0
Arian Foster,51-55,92,4.9021739130434785,0,1.0734205400293269,0.6707678286625656,0.0,0.0
Arian Foster,56-60,82,4.987804878048781,0,1.0547625606577526,0.5390304026294166,0.0,0.0
Arian Foster,61-65,96,4.395833333333333,0,0.9242998210145221,0.5943122460824144,0.0,0.0
Arian Foster,66-70,104,3.798076923076923,0,0.8038389665739978,0.605862006189696,0.0,0.0
Arian Foster,71-75,91,5.43956043956044,1,1.1159514887685844,0.5435878290087736,4.204866562009419,2.2857142857142856
Arian Foster,76-80,162,4.45679012345679,0,0.9496655870005363,0.7759317467444993,0.0,0.0
Arian Foster,81-85,59,6.559322033898305,0,1.3971650072204909,0.6210526315789473,0.0,0.0
Arian Foster,86-90,55,4.2727272727272725,0,0.8678219746562243,0.7563386334336055,0.0,0.0
Arian Foster,91-95,41,4.7073170731707314,0,0.9794031659899449,0.8118811881188119,0.0,0.0
Arian Foster,96-100,17,4.647058823529412,0,1.1885016812961267,0.7895500725689405,0.0,0.0
Ricky Williams,1-5,98,1.1020408163265305,40,1.041529423749533,0.92018779342723,1.070839421218834,0.985373364126251
Ricky Williams,6-10,74,2.175675675675676,2,0.7965724939050625,0.927536231884058,0.23549488054607504,0.21843003412969286
Ricky Williams,11-15,97,3.6288659793814433,8,1.0444593733686562,1.135332845647403,1.5768149376396798,1.7902097902097902
Ricky Williams,16-20,84,4.178571428571429,3,1.080705574912892,0.9749727965179543,1.278756957328386,1.2467532467532467
Ricky Williams,21-25,96,4.302083333333333,3,1.0905298034377127,1.0312185297079557,1.6050646551724137,1.6551724137931034
Ricky Williams,26-30,99,3.888888888888889,1,0.9121085178535806,0.969993876301286,0.701912744465936,0.6808510638297872
Ricky Williams,31-35,122,4.065573770491803,1,0.9280544213965088,1.1891562595187328,0.6563374650139944,0.7804878048780488
Ricky Williams,36-40,100,4.22,0,0.9259361130211914,0.9116809116809117,0.0,0.0
Ricky Williams,41-45,121,5.7272727272727275,2,1.2129841964906456,1.043384532471032,1.8587528174305032,1.9393939393939394
Ricky Williams,46-50,141,3.595744680851064,1,0.8113381208986744,1.132245922208281,1.1776004728132388,1.3333333333333333
Ricky Williams,51-55,168,4.375,3,0.9579861804031131,1.2248803827751196,3.5625,4.363636363636363
Ricky Williams,56-60,180,4.316666666666666,0,0.9128381117868519,1.1832374691865242,0.0,0.0
Ricky Williams,61-65,204,4.049019607843137,1,0.8513762499670982,1.2629135229251305,1.2065826330532212,1.5238095238095237
Ricky Williams,66-70,175,4.868571428571428,1,1.0304023602197294,1.0194793373384308,1.743809523809524,1.7777777777777777
Ricky Williams,71-75,183,4.644808743169399,0,0.9529044285063754,1.0931491506440172,0.0,0.0
Ricky Williams,76-80,212,4.556603773584905,0,0.9709341650609412,1.0154168537644066,0.0,0.0
Ricky Williams,81-85,108,3.925925925925926,0,0.8362398272712174,1.1368421052631579,0.0,0.0
Ricky Williams,86-90,88,4.409090909090909,0,0.8955184206558913,1.210141813493769,0.0,0.0
Ricky Williams,91-95,56,3.5,0,0.7282090897386377,1.108910891089109,0.0,0.0
Ricky Williams,96-100,27,2.3703703703703702,0,0.606230580989304,1.2539912917271407,0.0,0.0
Frank Gore,1-5,108,0.9166666666666666,35,0.8663338879645036,1.0140845070422535,0.8502266700881019,0.8622016936104696
Frank Gore,6-10,92,2.641304347826087,10,0.9670514842965725,1.1531531531531531,0.9470989761092149,1.0921501706484642
Frank Gore,11-15,94,3.0638297872340425,5,0.881830786219378,1.1002194586686174,1.0169617616426128,1.118881118881119
Frank Gore,16-20,95,3.8526315789473684,2,0.9964076231855437,1.1026478055857816,0.7537935748462065,0.8311688311688312
Frank Gore,21-25,95,4.526315789473684,1,1.1473702124610368,1.0204766700234977,0.5406533575317604,0.5517241379310345
Frank Gore,26-30,117,4.888888888888889,1,1.1466507081587871,1.1463563992651562,0.5939261683942536,0.6808510638297872
Frank Gore,31-35,120,5.191666666666666,3,1.1851092801186667,1.1696618946085897,2.001829268292683,2.3414634146341466
Frank Gore,36-40,116,4.982758620689655,2,1.0932976657261166,1.0575498575498576,2.2413793103448274,2.3703703703703702
Frank Gore,41-45,145,4.627586206896551,2,0.9800806080238045,1.2503368364322285,1.5510971786833854,1.9393939393939394
Frank Gore,46-50,141,4.24113475177305,0,0.9569629118292058,1.132245922208281,0.0,0.0
Frank Gore,51-55,152,4.625,1,1.0127282478547195,1.1082251082251082,1.3125,1.4545454545454546
Frank Gore,56-60,160,4.9125,0,1.0388379669852301,1.0517666392769105,0.0,0.0
Frank Gore,61-65,198,5.348484848484849,2,1.1246112428026758,1.2257690075449796,2.4862914862914867,3.0476190476190474
Frank Gore,66-70,215,4.158139534883721,0,0.8800439417860938,1.2525031858729292,0.0,0.0
Frank Gore,71-75,212,5.009433962264151,1,1.027709012555494,1.2663804368116482,1.8049191374663072,2.2857142857142856
Frank Gore,76-80,295,5.176271186440678,2,1.1029746697904628,1.4129621314174525,2.5163841807909604,3.5555555555555554
Frank Gore,81-85,119,5.042016806722689,0,1.0739721897727699,1.2526315789473683,0.0,0.0
Frank Gore,86-90,101,3.6534653465346536,0,0.7420453750009722,1.3889127632144391,0.0,0.0
Frank Gore,91-95,84,5.023809523809524,0,1.0452525029581807,1.6633663366336635,0.0,0.0
Frank Gore,96-100,36,3.138888888888889,0,0.80278190216943,1.671988388969521,0.0,0.0