atl,1988,5-11-0,5.7-10.3
atl,1989,3-13-0,4.1-11.9
atl,1990,5-11-0,7.5-8.5
atl,1991,10-6-0,8.6-7.4
atl,1992,6-10-0,5.8-10.2
atl,1993,6-10-0,6.2-9.8
atl,1994,7-9-0,6.2-9.8
atl,1995,9-7-0,8.3-7.7
atl,1996,3-13-0,4.5-11.5
atl,1997,7-9-0,6.9-9.1
atl,1998,14-2-0,11.7-4.3
atl,1999,5-11-0,5.4-10.6
atl,2000,4-12-0,3.8-12.2
atl,2001,7-9-0,5.6-10.4
atl,2002,9-6-1,10.3-5.7
atl,2003,5-11-0,4.9-11.1
atl,2004,11-5-0,8.1-7.9
atl,2005,8-8-0,8.3-7.7
atl,2006,7-9-0,6.9-9.1
atl,2007,4-12-0,4.0-12.0
atl,2008,11-5-0,9.7-6.3
atl,2009,9-7-0,9.0-7.0
atl,2010,13-3-0,11.2-4.8
atl,2011,10-6-0,9.3-6.7
atl,2012,13-3-0,11.0-5.0
atl,2013,4-12-0,5.9-10.1
atl,2014,6-10-0,7.1-8.9
buf,1988,12-4-0,11.0-5.0
buf,1989,9-7-0,10.3-5.7
buf,1990,13-3-0,12.2-3.8
buf,1991,13-3-0,11.3-4.7
buf,1992,11-5-0,10.7-5.3
buf,1993,12-4-0,10.8-5.2
buf,1994,7-9-0,7.6-8.4
buf,1995,10-6-0,8.4-7.6
buf,1996,10-6-0,9.7-6.3
buf,1997,6-10-0,4.7-11.3
buf,1998,10-6-0,9.7-6.3
buf,1999,11-5-0,11.0-5.0
buf,2000,8-8-0,7.0-9.0
buf,2001,3-13-0,4.0-12.0
buf,2002,8-8-0,7.6-8.4
buf,2003,6-10-0,6.7-9.3
buf,2004,9-7-0,11.0-5.0
buf,2005,5-11-0,5.2-10.8
buf,2006,7-9-0,7.7-8.3
buf,2007,7-9-0,4.9-11.1
buf,2008,7-9-0,7.8-8.2
buf,2009,6-10-0,5.8-10.2
buf,2010,4-12-0,4.4-11.6
buf,2011,6-10-0,6.6-9.4
buf,2012,6-10-0,5.8-10.2
buf,2013,6-10-0,6.7-9.3
buf,2014,9-7-0,9.6-6.4
car,1995,7-9-0,6.9-9.1
car,1996,12-4-0,12.4-3.6
car,1997,7-9-0,6.4-9.6
car,1998,4-12-0,6.1-9.9
car,1999,8-8-0,8.9-7.1
car,2000,7-9-0,8.0-8.0
car,2001,1-15-0,3.9-12.1
car,2002,7-9-0,6.5-9.5
car,2003,11-5-0,8.6-7.4
car,2004,7-9-0,8.4-7.6
car,2005,11-5-0,11.6-4.4
car,2006,8-8-0,6.9-9.1
car,2007,7-9-0,5.6-10.4
car,2008,12-4-0,10.1-5.9
car,2009,8-8-0,8.2-7.8
car,2010,2-14-0,2.4-13.6
car,2011,6-10-0,7.5-8.5
car,2012,7-9-0,7.8-8.2
car,2013,12-4-0,11.7-4.3
car,2014,7-8-1,7.1-8.9
chi,1988,12-4-0,11.3-4.7
chi,1989,6-10-0,7.5-8.5
chi,1990,11-5-0,10.0-6.0
chi,1991,11-5-0,9.0-7.0
chi,1992,5-11-0,6.1-9.9
chi,1993,7-9-0,8.2-7.8
chi,1994,9-7-0,6.8-9.2
chi,1995,9-7-0,8.8-7.2
chi,1996,7-9-0,7.3-8.7
chi,1997,4-12-0,4.0-12.0
chi,1998,4-12-0,5.4-10.6
chi,1999,6-10-0,5.9-10.1
chi,2000,5-11-0,3.8-12.2
chi,2001,13-3-0,12.3-3.7
chi,2002,4-12-0,5.3-10.7
chi,2003,7-9-0,6.1-9.9
chi,2004,5-11-0,4.8-11.2
chi,2005,11-5-0,10.3-5.7
chi,2006,13-3-0,12.4-3.6
chi,2007,7-9-0,7.6-8.4
chi,2008,9-7-0,8.7-7.3
chi,2009,7-9-0,6.7-9.3
chi,2010,11-5-0,9.5-6.5
chi,2011,8-8-0,8.3-7.7
chi,2012,10-6-0,10.8-5.2
chi,2013,8-8-0,7.3-8.7
chi,2014,5-11-0,5.1-10.9
cin,1988,12-4-0,10.8-5.2
cin,1989,8-8-0,11.1-4.9
cin,1990,9-7-0,8.2-7.8
cin,1991,3-13-0,3.7-12.3
cin,1992,5-11-0,5.4-10.6
cin,1993,3-13-0,3.5-12.5
cin,1994,3-13-0,4.6-11.4
cin,1995,7-9-0,7.3-8.7
cin,1996,8-8-0,8.1-7.9
cin,1997,7-9-0,6.8-9.2
cin,1998,3-13-0,3.6-12.4
cin,1999,4-12-0,3.8-12.2
cin,2000,4-12-0,2.8-13.2
cin,2001,6-10-0,5.2-10.8
cin,2002,2-14-0,3.8-12.2
cin,2003,8-8-0,7.0-9.0
cin,2004,8-8-0,8.1-7.9
cin,2005,11-5-0,9.7-6.3
cin,2006,8-8-0,9.1-6.9
cin,2007,7-9-0,7.9-8.1
cin,2008,4-11-1,3.2-12.8
cin,2009,10-6-0,8.4-7.6
cin,2010,4-12-0,6.1-9.9
cin,2011,9-7-0,8.6-7.4
cin,2012,10-6-0,9.9-6.1
cin,2013,11-5-0,11.1-4.9
cin,2014,10-5-1,8.6-7.4
cle,1988,10-6-0,8.5-7.5
cle,1989,9-6-1,10.5-5.5
cle,1990,3-13-0,2.5-13.5
cle,1991,6-10-0,7.8-8.2
cle,1992,7-9-0,7.9-8.1
cle,1993,7-9-0,7.9-8.1
cle,1994,11-5-0,12.3-3.7
cle,1995,5-11-0,6.1-9.9
cle,1999,2-14-0,2.6-13.4
cle,2000,3-13-0,1.5-14.5
cle,2001,7-9-0,6.9-9.1
cle,2002,9-7-0,8.7-7.3
cle,2003,5-11-0,5.8-10.2
cle,2004,4-12-0,4.9-11.1
cle,2005,6-10-0,5.6-10.4
cle,2006,4-12-0,4.4-11.6
cle,2007,10-6-0,8.5-7.5
cle,2008,4-12-0,4.4-11.6
cle,2009,5-11-0,4.3-11.7
cle,2010,5-11-0,6.1-9.9
cle,2011,4-12-0,4.9-11.1
cle,2012,5-11-0,6.2-9.8
cle,2013,4-12-0,5.5-10.5
cle,2014,7-9-0,6.9-9.1
clt,1988,9-7-0,9.1-6.9
clt,1989,8-8-0,7.9-8.1
clt,1990,7-9-0,5.9-10.1
clt,1991,1-15-0,1.4-14.6
clt,1992,9-7-0,5.0-11.0
clt,1993,4-12-0,2.6-13.4
clt,1994,8-8-0,7.6-8.4
clt,1995,9-7-0,8.4-7.6
clt,1996,9-7-0,7.5-8.5
clt,1997,3-13-0,5.7-10.3
clt,1998,3-13-0,4.8-11.2
clt,1999,13-3-0,10.2-5.8
clt,2000,10-6-0,10.5-5.5
clt,2001,6-10-0,6.5-9.5
clt,2002,10-6-0,9.0-7.0
clt,2003,12-4-0,10.6-5.4
clt,2004,12-4-0,11.5-4.5
clt,2005,14-2-0,12.7-3.3
clt,2006,12-4-0,9.6-6.4
clt,2007,13-3-0,12.5-3.5
clt,2008,12-4-0,10.2-5.8
clt,2009,14-2-0,10.8-5.2
clt,2010,10-6-0,9.1-6.9
clt,2011,2-14-0,3.3-12.7
clt,2012,11-5-0,7.2-8.8
clt,2013,11-5-0,9.4-6.6
clt,2014,11-5-0,10.0-6.0
dal,1988,3-13-0,4.8-11.2
dal,1989,1-15-0,2.8-13.2
dal,1990,7-9-0,5.8-10.2
dal,1991,11-5-0,8.9-7.1
dal,1992,13-3-0,12.4-3.6
dal,1993,12-4-0,12.2-3.8
dal,1994,12-4-0,12.3-3.7
dal,1995,12-4-0,11.5-4.5
dal,1996,10-6-0,9.3-6.7
dal,1997,6-10-0,7.7-8.3
dal,1998,10-6-0,10.9-5.1
dal,1999,8-8-0,10.2-5.8
dal,2000,5-11-0,6.1-9.9
dal,2001,5-11-0,5.1-10.9
dal,2002,5-11-0,4.3-11.7
dal,2003,10-6-0,9.0-7.0
dal,2004,6-10-0,5.1-10.9
dal,2005,9-7-0,8.5-7.5
dal,2006,9-7-0,9.8-6.2
dal,2007,13-3-0,11.0-5.0
dal,2008,9-7-0,7.9-8.1
dal,2009,11-5-0,11.3-4.7
dal,2010,6-10-0,7.0-9.0
dal,2011,8-8-0,8.6-7.4
dal,2012,8-8-0,7.4-8.6
dal,2013,8-8-0,8.2-7.8
dal,2014,12-4-0,10.6-5.4
den,1988,8-8-0,7.3-8.7
den,1989,11-5-0,12.1-3.9
den,1990,5-11-0,6.9-9.1
den,1991,12-4-0,10.4-5.6
den,1992,8-8-0,5.9-10.1
den,1993,9-7-0,10.5-5.5
den,1994,7-9-0,6.8-9.2
den,1995,8-8-0,9.1-6.9
den,1996,13-3-0,11.2-4.8
den,1997,12-4-0,12.2-3.8
den,1998,14-2-0,12.1-3.9
den,1999,6-10-0,7.9-8.1
den,2000,11-5-0,10.5-5.5
den,2001,8-8-0,8.0-8.0
den,2002,9-7-0,9.2-6.8
den,2003,10-6-0,10.2-5.8
den,2004,10-6-0,10.1-5.9
den,2005,13-3-0,11.7-4.3
den,2006,9-7-0,8.4-7.6
den,2007,7-9-0,5.7-10.3
den,2008,8-8-0,6.2-9.8
den,2009,8-8-0,8.1-7.9
den,2010,4-12-0,5.2-10.8
den,2011,8-8-0,5.8-10.2
den,2012,13-3-0,12.3-3.7
den,2013,13-3-0,11.7-4.3
den,2014,12-4-0,10.8-5.2
det,1988,4-12-0,4.8-11.2
det,1989,7-9-0,6.6-9.4
det,1990,6-10-0,7.0-9.0
det,1991,12-4-0,9.3-6.7
det,1992,5-11-0,6.2-9.8
det,1993,10-6-0,8.2-7.8
det,1994,9-7-0,8.4-7.6
det,1995,10-6-0,10.4-5.6
det,1996,5-11-0,6.2-9.8
det,1997,9-7-0,10.0-6.0
det,1998,5-11-0,6.0-10.0
det,1999,8-8-0,8.0-8.0
det,2000,9-7-0,8.0-8.0
det,2001,2-14-0,4.1-11.9
det,2002,3-13-0,4.6-11.4
det,2003,5-11-0,4.9-11.1
det,2004,6-10-0,6.4-9.6
det,2005,5-11-0,5.2-10.8
det,2006,3-13-0,5.6-10.4
det,2007,7-9-0,5.7-10.3
det,2008,0-16-0,2.8-13.2
det,2009,2-14-0,2.9-13.1
det,2010,6-10-0,7.8-8.2
det,2011,10-6-0,9.9-6.1
det,2012,4-12-0,6.5-9.5
det,2013,7-9-0,8.5-7.5
det,2014,11-5-0,9.2-6.8
gnb,1988,4-12-0,5.5-10.5
gnb,1989,10-6-0,8.2-7.8
gnb,1990,6-10-0,5.7-10.3
gnb,1991,4-12-0,6.7-9.3
gnb,1992,9-7-0,7.3-8.7
gnb,1993,9-7-0,9.7-6.3
gnb,1994,9-7-0,10.6-5.4
gnb,1995,11-5-0,10.3-5.7
gnb,1996,13-3-0,13.8-2.2
gnb,1997,13-3-0,11.6-4.4
gnb,1998,11-5-0,10.3-5.7
gnb,1999,8-8-0,8.4-7.6
gnb,2000,9-7-0,8.8-7.2
gnb,2001,12-4-0,11.4-4.6
gnb,2002,12-4-0,9.8-6.2
gnb,2003,10-6-0,11.3-4.7
gnb,2004,10-6-0,9.0-7.0
gnb,2005,4-12-0,6.7-9.3
gnb,2006,8-8-0,6.2-9.8
gnb,2007,13-3-0,11.5-4.5
gnb,2008,6-10-0,8.9-7.1
gnb,2009,11-5-0,11.8-4.2
gnb,2010,10-6-0,12.1-3.9
gnb,2011,15-1-0,11.9-4.1
gnb,2012,11-5-0,10.3-5.7
gnb,2013,8-7-1,7.8-8.2
gnb,2014,12-4-0,11.0-5.0
htx,2002,4-12-0,3.7-12.3
htx,2003,5-11-0,4.5-11.5
htx,2004,7-9-0,7.1-8.9
htx,2005,2-14-0,3.7-12.3
htx,2006,6-10-0,5.1-10.9
htx,2007,8-8-0,7.9-8.1
htx,2008,8-8-0,7.3-8.7
htx,2009,9-7-0,9.4-6.6
htx,2010,6-10-0,7.1-8.9
htx,2011,10-6-0,10.9-5.1
htx,2012,12-4-0,10.1-5.9
htx,2013,2-14-0,4.2-11.8
htx,2014,9-7-0,9.8-6.2
jax,1995,4-12-0,4.6-11.4
jax,1996,9-7-0,7.7-8.3
jax,1997,11-5-0,10.0-6.0
jax,1998,11-5-0,9.4-6.6
jax,1999,14-2-0,12.9-3.1
jax,2000,7-9-0,9.1-6.9
jax,2001,6-10-0,8.3-7.7
jax,2002,6-10-0,8.4-7.6
jax,2003,5-11-0,6.3-9.7
jax,2004,9-7-0,7.3-8.7
jax,2005,12-4-0,10.7-5.3
jax,2006,8-8-0,10.8-5.2
jax,2007,11-5-0,10.7-5.3
jax,2008,5-11-0,6.2-9.8
jax,2009,7-9-0,5.5-10.5
jax,2010,8-8-0,6.4-9.6
jax,2011,5-11-0,5.2-10.8
jax,2012,2-14-0,3.4-12.6
jax,2013,4-12-0,3.1-12.9
jax,2014,3-13-0,3.7-12.3
kan,1988,4-11-1,5.9-10.1
kan,1989,8-7-1,9.0-7.0
kan,1990,11-5-0,11.2-4.8
kan,1991,10-6-0,10.3-5.7
kan,1992,10-6-0,10.0-6.0
kan,1993,11-5-0,9.1-6.9
kan,1994,9-7-0,8.6-7.4
kan,1995,13-3-0,11.5-4.5
kan,1996,9-7-0,7.9-8.1
kan,1997,13-3-0,12.1-3.9
kan,1998,7-9-0,7.0-9.0
kan,1999,9-7-0,9.8-6.2
kan,2000,7-9-0,8.0-8.0
kan,2001,6-10-0,7.3-8.7
kan,2002,8-8-0,9.5-6.5
kan,2003,13-3-0,11.4-4.6
kan,2004,7-9-0,9.0-7.0
kan,2005,10-6-0,10.0-6.0
kan,2006,9-7-0,8.5-7.5
kan,2007,4-12-0,4.5-11.5
kan,2008,2-14-0,4.4-11.6
kan,2009,4-12-0,4.7-11.3
kan,2010,10-6-0,9.1-6.9
kan,2011,7-9-0,4.0-12.0
kan,2012,2-14-0,2.6-13.4
kan,2013,11-5-0,11.1-4.9
kan,2014,9-7-0,10.1-5.9
mia,1988,6-10-0,6.4-9.6
mia,1989,8-8-0,6.7-9.3
mia,1990,12-4-0,11.0-5.0
mia,1991,8-8-0,7.8-8.2
mia,1992,11-5-0,9.8-6.2
mia,1993,9-7-0,7.9-8.1
mia,1994,10-6-0,9.6-6.4
mia,1995,9-7-0,9.7-6.3
mia,1996,8-8-0,8.4-7.6
mia,1997,9-7-0,8.3-7.7
mia,1998,10-6-0,9.8-6.2
mia,1999,9-7-0,7.7-8.3
mia,2000,11-5-0,11.2-4.8
mia,2001,11-5-0,9.6-6.4
mia,2002,9-7-0,10.1-5.9
mia,2003,10-6-0,9.6-6.4
mia,2004,4-12-0,5.7-10.3
mia,2005,9-7-0,8.0-8.0
mia,2006,6-10-0,7.2-8.8
mia,2007,1-15-0,3.8-12.2
mia,2008,11-5-0,8.8-7.2
mia,2009,7-9-0,7.2-8.8
mia,2010,7-9-0,6.2-9.8
mia,2011,6-10-0,8.5-7.5
mia,2012,7-9-0,7.1-8.9
mia,2013,8-8-0,7.5-8.5
mia,2014,8-8-0,8.4-7.6
min,1988,11-5-0,12.6-3.4
min,1989,10-6-0,10.3-5.7
min,1990,6-10-0,8.7-7.3
min,1991,8-8-0,7.8-8.2
min,1992,11-5-0,11.6-4.4
min,1993,9-7-0,7.6-8.4
min,1994,10-6-0,9.2-6.8
min,1995,8-8-0,8.6-7.4
min,1996,9-7-0,7.5-8.5
min,1997,9-7-0,7.9-8.1
min,1998,15-1-0,13.1-2.9
min,1999,10-6-0,9.6-6.4
min,2000,11-5-0,8.6-7.4
min,2001,5-11-0,5.3-10.7
min,2002,6-10-0,6.8-9.2
min,2003,9-7-0,9.5-6.5
min,2004,8-8-0,8.2-7.8
min,2005,9-7-0,6.9-9.1
min,2006,6-10-0,6.6-9.4
min,2007,8-8-0,9.5-6.5
min,2008,10-6-0,9.2-6.8
min,2009,12-4-0,11.6-4.4
min,2010,6-10-0,6.0-10.0
min,2011,3-13-0,5.5-10.5
min,2012,10-6-0,8.8-7.2
min,2013,5-10-1,6.1-9.9
min,2014,7-9-0,7.5-8.5
nor,1988,10-6-0,8.9-7.1
nor,1989,9-7-0,10.3-5.7
nor,1990,8-8-0,8.0-8.0
nor,1991,11-5-0,12.1-3.9
nor,1992,12-4-0,12.2-3.8
nor,1993,8-8-0,7.3-8.7
nor,1994,7-9-0,6.5-9.5
nor,1995,7-9-0,7.2-8.8
nor,1996,3-13-0,4.5-11.5
nor,1997,6-10-0,5.1-10.9
nor,1998,6-10-0,6.5-9.5
nor,1999,3-13-0,3.7-12.3
nor,2000,10-6-0,9.4-6.6
nor,2001,7-9-0,6.1-9.9
nor,2002,9-7-0,9.0-7.0
nor,2003,8-8-0,8.4-7.6
nor,2004,8-8-0,6.6-9.4
nor,2005,3-13-0,3.6-12.4
nor,2006,10-6-0,10.3-5.7
nor,2007,7-9-0,7.8-8.2
nor,2008,8-8-0,9.5-6.5
nor,2009,13-3-0,11.6-4.4
nor,2010,11-5-0,10.1-5.9
nor,2011,13-3-0,12.1-3.9
nor,2012,7-9-0,8.1-7.9
nor,2013,11-5-0,10.8-5.2
nor,2014,7-9-0,7.5-8.5
nwe,1988,9-7-0,6.8-9.2
nwe,1989,5-11-0,5.5-10.5
nwe,1990,1-15-0,1.7-14.3
nwe,1991,6-10-0,4.7-11.3
nwe,1992,2-14-0,3.3-12.7
nwe,1993,5-11-0,6.3-9.7
nwe,1994,10-6-0,9.1-6.9
nwe,1995,6-10-0,5.7-10.3
nwe,1996,11-5-0,10.6-5.4
nwe,1997,10-6-0,10.3-5.7
nwe,1998,9-7-0,8.2-7.8
nwe,1999,8-8-0,8.5-7.5
nwe,2000,5-11-0,6.1-9.9
nwe,2001,11-5-0,10.8-5.2
nwe,2002,9-7-0,8.9-7.1
nwe,2003,14-2-0,11.4-4.6
nwe,2004,14-2-0,12.4-3.6
nwe,2005,10-6-0,9.1-6.9
nwe,2006,12-4-0,12.2-3.8
nwe,2007,16-0-0,13.8-2.2
nwe,2008,11-5-0,10.6-5.4
nwe,2009,10-6-0,11.6-4.4
nwe,2010,14-2-0,12.3-3.7
nwe,2011,13-3-0,11.6-4.4
nwe,2012,12-4-0,12.4-3.6
nwe,2013,12-4-0,10.5-5.5
nwe,2014,12-4-0,11.5-4.5
nyg,1988,10-6-0,9.6-6.4
nyg,1989,12-4-0,10.9-5.1
nyg,1990,13-3-0,12.0-4.0
nyg,1991,8-8-0,7.5-8.5
nyg,1992,6-10-0,6.3-9.7
nyg,1993,11-5-0,11.1-4.9
nyg,1994,9-7-0,7.2-8.8
nyg,1995,5-11-0,6.5-9.5
nyg,1996,6-10-0,6.1-9.9
nyg,1997,10-5-1,9.4-6.6
nyg,1998,8-8-0,7.3-8.7
nyg,1999,7-9-0,6.3-9.7
nyg,2000,12-4-0,10.6-5.4
nyg,2001,7-9-0,7.2-8.8
nyg,2002,10-6-0,9.3-6.7
nyg,2003,4-12-0,4.0-12.0
nyg,2004,6-10-0,6.7-9.3
nyg,2005,11-5-0,10.7-5.3
nyg,2006,8-8-0,7.8-8.2
nyg,2007,10-6-0,8.6-7.4
nyg,2008,12-4-0,11.3-4.7
nyg,2009,8-8-0,7.4-8.6
nyg,2010,10-6-0,9.2-6.8
nyg,2011,9-7-0,7.9-8.1
nyg,2012,9-7-0,10.0-6.0
nyg,2013,7-9-0,5.6-10.4
nyg,2014,6-10-0,7.5-8.5
nyj,1988,8-7-1,8.5-7.5
nyj,1989,4-12-0,3.8-12.2
nyj,1990,6-10-0,6.5-9.5
nyj,1991,8-8-0,8.7-7.3
nyj,1992,4-12-0,4.8-11.2
nyj,1993,8-8-0,8.8-7.2
nyj,1994,6-10-0,6.2-9.8
nyj,1995,3-13-0,3.7-12.3
nyj,1996,1-15-0,3.8-12.2
nyj,1997,9-7-0,9.8-6.2
nyj,1998,12-4-0,11.9-4.1
nyj,1999,8-8-0,8.0-8.0
nyj,2000,9-7-0,8.0-8.0
nyj,2001,10-6-0,8.4-7.6
nyj,2002,9-7-0,8.6-7.4
nyj,2003,6-10-0,7.5-8.5
nyj,2004,10-6-0,10.2-5.8
nyj,2005,4-12-0,4.5-11.5
nyj,2006,10-6-0,8.7-7.3
nyj,2007,4-12-0,5.4-10.6
nyj,2008,9-7-0,9.2-6.8
nyj,2009,9-7-0,11.4-4.6
nyj,2010,11-5-0,9.8-6.2
nyj,2011,8-8-0,8.4-7.6
nyj,2012,6-10-0,5.4-10.6
nyj,2013,8-8-0,5.4-10.6
nyj,2014,4-12-0,4.9-11.1
oti,1988,10-6-0,9.4-6.6
oti,1989,9-7-0,6.9-9.1
oti,1990,9-7-0,10.5-5.5
oti,1991,11-5-0,11.8-4.2
oti,1992,10-6-0,10.8-5.2
oti,1993,12-4-0,11.8-4.2
oti,1994,2-14-0,4.1-11.9
oti,1995,7-9-0,8.7-7.3
oti,1996,8-8-0,8.7-7.3
oti,1997,8-8-0,8.7-7.3
oti,1998,8-8-0,8.3-7.7
oti,1999,13-3-0,9.8-6.2
oti,2000,13-3-0,12.9-3.1
oti,2001,7-9-0,6.6-9.4
oti,2002,11-5-0,9.2-6.8
oti,2003,12-4-0,10.7-5.3
oti,2004,5-11-0,5.8-10.2
oti,2005,4-12-0,4.9-11.1
oti,2006,8-8-0,6.0-10.0
oti,2007,10-6-0,8.1-7.9
oti,2008,13-3-0,12.1-3.9
oti,2009,8-8-0,6.8-9.2
oti,2010,6-10-0,8.5-7.5
oti,2011,9-7-0,8.2-7.8
oti,2012,6-10-0,4.8-11.2
oti,2013,7-9-0,7.5-8.5
oti,2014,2-14-0,3.4-12.6
phi,1988,10-6-0,9.6-6.4
phi,1989,11-5-0,10.1-5.9
phi,1990,10-6-0,10.6-5.4
phi,1991,10-6-0,9.5-6.5
phi,1992,11-5-0,11.3-4.7
phi,1993,8-8-0,7.3-8.7
phi,1994,7-9-0,8.0-8.0
phi,1995,10-6-0,7.4-8.6
phi,1996,10-6-0,8.6-7.4
phi,1997,6-9-1,6.5-9.5
phi,1998,3-13-0,2.3-13.7
phi,1999,5-11-0,5.5-10.5
phi,2000,11-5-0,11.2-4.8
phi,2001,11-5-0,12.3-3.7
phi,2002,12-4-0,12.5-3.5
phi,2003,12-4-0,10.4-5.6
phi,2004,13-3-0,11.5-4.5
phi,2005,6-10-0,5.9-10.1
phi,2006,10-6-0,9.8-6.2
phi,2007,8-8-0,9.1-6.9
phi,2008,9-6-1,11.3-4.7
phi,2009,11-5-0,10.2-5.8
phi,2010,10-6-0,9.4-6.6
phi,2011,8-8-0,9.8-6.2
phi,2012,4-12-0,4.0-12.0
phi,2013,10-6-0,9.4-6.6
phi,2014,10-6-0,9.6-6.4
pit,1988,5-11-0,5.9-10.1
pit,1989,9-7-0,6.1-9.9
pit,1990,9-7-0,9.8-6.2
pit,1991,7-9-0,6.5-9.5
pit,1992,11-5-0,10.6-5.4
pit,1993,9-7-0,8.9-7.1
pit,1994,12-4-0,10.7-5.3
pit,1995,11-5-0,10.0-6.0
pit,1996,10-6-0,10.7-5.3
pit,1997,11-5-0,9.8-6.2
pit,1998,7-9-0,6.7-9.3
pit,1999,6-10-0,7.9-8.1
pit,2000,9-7-0,10.1-5.9
pit,2001,13-3-0,12.3-3.7
pit,2002,10-5-1,9.2-6.8
pit,2003,6-10-0,7.2-8.8
pit,2004,15-1-0,11.5-4.5
pit,2005,11-5-0,11.6-4.4
pit,2006,8-8-0,9.1-6.9
pit,2007,10-6-0,11.4-4.6
pit,2008,12-4-0,11.8-4.2
pit,2009,9-7-0,9.2-6.8
pit,2010,12-4-0,12.1-3.9
pit,2011,12-4-0,11.2-4.8
pit,2012,8-8-0,8.6-7.4
pit,2013,8-8-0,8.2-7.8
pit,2014,11-5-0,9.6-6.4
rai,1988,7-9-0,6.8-9.2
rai,1989,8-8-0,8.6-7.4
rai,1990,12-4-0,10.1-5.9
rai,1991,9-7-0,8.0-8.0
rai,1992,7-9-0,6.9-9.1
rai,1993,10-6-0,7.4-8.6
rai,1994,9-7-0,7.3-8.7
rai,1995,8-8-0,8.4-7.6
rai,1996,7-9-0,9.4-6.6
rai,1997,4-12-0,5.6-10.4
rai,1998,8-8-0,6.0-10.0
rai,1999,8-8-0,9.6-6.4
rai,2000,12-4-0,12.1-3.9
rai,2001,10-6-0,9.9-6.1
rai,2002,11-5-0,11.5-4.5
rai,2003,4-12-0,4.9-11.1
rai,2004,5-11-0,5.1-10.9
rai,2005,4-12-0,5.5-10.5
rai,2006,2-14-0,2.7-13.3
rai,2007,4-12-0,4.9-11.1
rai,2008,5-11-0,4.6-11.4
rai,2009,5-11-0,2.8-13.2
rai,2010,8-8-0,8.9-7.1
rai,2011,8-8-0,6.3-9.7
rai,2012,4-12-0,4.3-11.7
rai,2013,4-12-0,4.9-11.1
rai,2014,3-13-0,3.2-12.8
ram,1988,10-6-0,11.0-5.0
ram,1989,11-5-0,10.0-6.0
ram,1990,5-11-0,6.3-9.7
ram,1991,3-13-0,3.7-12.3
ram,1992,6-10-0,6.1-9.9
ram,1993,5-11-0,3.7-12.3
ram,1994,4-12-0,5.8-10.2
ram,1995,7-9-0,5.3-10.7
ram,1996,6-10-0,5.3-10.7
ram,1997,5-11-0,6.3-9.7
ram,1998,4-12-0,5.4-10.6
ram,1999,13-3-0,13.8-2.2
ram,2000,10-6-0,9.3-6.7
ram,2001,14-2-0,13.0-3.0
ram,2002,7-9-0,6.5-9.5
ram,2003,12-4-0,10.8-5.2
ram,2004,8-8-0,6.1-9.9
ram,2005,6-10-0,6.4-9.6
ram,2006,8-8-0,7.6-8.4
ram,2007,3-13-0,3.7-12.3
ram,2008,2-14-0,2.6-13.4
ram,2009,1-15-0,1.6-14.4
ram,2010,7-9-0,6.8-9.2
ram,2011,2-14-0,2.3-13.7
ram,2012,7-8-1,6.6-9.4
ram,2013,7-9-0,7.6-8.4
ram,2014,6-10-0,7.2-8.8
rav,1996,4-12-0,6.4-9.6
rav,1997,6-9-1,7.5-8.5
rav,1998,6-10-0,6.0-10.0
rav,1999,8-8-0,9.5-6.5
rav,2000,12-4-0,13.5-2.5
rav,2001,10-6-0,9.3-6.7
rav,2002,7-9-0,6.9-9.1
rav,2003,10-6-0,11.0-5.0
rav,2004,9-7-0,9.6-6.4
rav,2005,6-10-0,6.9-9.1
rav,2006,13-3-0,12.7-3.3
rav,2007,5-11-0,5.0-11.0
rav,2008,11-5-0,11.9-4.1
rav,2009,9-7-0,11.6-4.4
rav,2010,12-4-0,10.6-5.4
rav,2011,12-4-0,11.2-4.8
rav,2012,10-6-0,9.4-6.6
rav,2013,8-8-0,7.1-8.9
rav,2014,10-6-0,10.8-5.2
sdg,1988,6-10-0,4.8-11.2
sdg,1989,6-10-0,7.2-8.8
sdg,1990,6-10-0,9.1-6.9
sdg,1991,4-12-0,5.9-10.1
sdg,1992,11-5-0,11.0-5.0
sdg,1993,8-8-0,9.0-7.0
sdg,1994,11-5-0,10.0-6.0
sdg,1995,9-7-0,7.9-8.1
sdg,1996,8-8-0,6.2-9.8
sdg,1997,4-12-0,4.0-12.0
sdg,1998,5-11-0,4.9-11.1
sdg,1999,8-8-0,6.5-9.5
sdg,2000,1-15-0,3.8-12.2
sdg,2001,5-11-0,8.3-7.7
sdg,2002,8-8-0,7.1-8.9
sdg,2003,4-12-0,4.9-11.1
sdg,2004,12-4-0,11.2-4.8
sdg,2005,9-7-0,10.7-5.3
sdg,2006,14-2-0,12.1-3.9
sdg,2007,11-5-0,11.3-4.7
sdg,2008,8-8-0,10.2-5.8
sdg,2009,13-3-0,11.1-4.9
sdg,2010,9-7-0,10.9-5.1
sdg,2011,8-8-0,8.7-7.3
sdg,2012,7-9-0,8.0-8.0
sdg,2013,9-7-0,9.2-6.8
sdg,2014,9-7-0,8.0-8.0
sea,1988,9-7-0,8.3-7.7
sea,1989,7-9-0,5.2-10.8
sea,1990,9-7-0,8.6-7.4
sea,1991,7-9-0,8.5-7.5
sea,1992,2-14-0,2.1-13.9
sea,1993,6-10-0,6.9-9.1
sea,1994,6-10-0,6.9-9.1
sea,1995,8-8-0,7.9-8.1
sea,1996,7-9-0,6.4-9.6
sea,1997,8-8-0,8.1-7.9
sea,1998,8-8-0,9.7-6.3
sea,1999,9-7-0,9.2-6.8
sea,2000,6-10-0,5.8-10.2
sea,2001,9-7-0,7.3-8.7
sea,2002,7-9-0,7.6-8.4
sea,2003,10-6-0,10.0-6.0
sea,2004,9-7-0,7.9-8.1
sea,2005,13-3-0,12.3-3.7
sea,2006,9-7-0,7.8-8.2
sea,2007,10-6-0,10.7-5.3
sea,2008,4-12-0,5.4-10.6
sea,2009,5-11-0,5.0-11.0
sea,2010,7-9-0,5.5-10.5
sea,2011,7-9-0,8.2-7.8
sea,2012,11-5-0,12.4-3.6
sea,2013,13-3-0,12.8-3.2
sea,2014,12-4-0,11.8-4.2
sfo,1988,10-6-0,10.1-5.9
sfo,1989,14-2-0,12.6-3.4
sfo,1990,14-2-0,11.5-4.5
sfo,1991,10-6-0,12.2-3.8
sfo,1992,14-2-0,12.9-3.1
sfo,1993,10-6-0,12.1-3.9
sfo,1994,13-3-0,12.5-3.5
sfo,1995,11-5-0,12.7-3.3
sfo,1996,12-4-0,11.8-4.2
sfo,1997,13-3-0,11.1-4.9
sfo,1998,12-4-0,11.4-4.6
sfo,1999,4-12-0,4.3-11.7
sfo,2000,6-10-0,7.2-8.8
sfo,2001,12-4-0,11.3-4.7
sfo,2002,10-6-0,8.4-7.6
sfo,2003,7-9-0,9.2-6.8
sfo,2004,2-14-0,3.4-12.6
sfo,2005,4-12-0,3.2-12.8
sfo,2006,7-9-0,5.1-10.9
sfo,2007,5-11-0,3.7-12.3
sfo,2008,7-9-0,6.9-9.1
sfo,2009,8-8-0,9.5-6.5
sfo,2010,6-10-0,6.8-9.2
sfo,2011,13-3-0,12.3-3.7
sfo,2012,11-4-1,11.3-4.7
sfo,2013,12-4-0,11.5-4.5
sfo,2014,8-8-0,7.0-9.0
tam,1988,5-11-0,5.3-10.7
tam,1989,5-11-0,5.5-10.5
tam,1990,6-10-0,5.0-11.0
tam,1991,3-13-0,3.1-12.9
tam,1992,5-11-0,5.2-10.8
tam,1993,5-11-0,4.0-12.0
tam,1994,6-10-0,5.0-11.0
tam,1995,7-9-0,4.9-11.1
tam,1996,6-10-0,5.4-10.6
tam,1997,10-6-0,9.2-6.8
tam,1998,8-8-0,8.6-7.4
tam,1999,11-5-0,9.3-6.7
tam,2000,10-6-0,11.3-4.7
tam,2001,9-7-0,9.4-6.6
tam,2002,12-4-0,12.7-3.3
tam,2003,7-9-0,9.2-6.8
tam,2004,5-11-0,7.9-8.1
tam,2005,11-5-0,8.9-7.1
tam,2006,4-12-0,3.6-12.4
tam,2007,9-7-0,10.0-6.0
tam,2008,9-7-0,9.0-7.0
tam,2009,3-13-0,3.8-12.2
tam,2010,10-6-0,8.7-7.3
tam,2011,4-12-0,3.5-12.5
tam,2012,7-9-0,7.9-8.1
tam,2013,4-12-0,5.3-10.7
tam,2014,2-14-0,4.5-11.5
was,1988,7-9-0,6.9-9.1
was,1989,10-6-0,10.1-5.9
was,1990,10-6-0,10.2-5.8
was,1991,14-2-0,13.8-2.2
was,1992,9-7-0,9.5-6.5
was,1993,4-12-0,4.4-11.6
was,1994,3-13-0,5.7-10.3
was,1995,6-10-0,7.1-8.9
was,1996,9-7-0,9.4-6.6
was,1997,8-7-1,9.2-6.8
was,1998,6-10-0,5.5-10.5
was,1999,10-6-0,9.5-6.5
was,2000,8-8-0,8.4-7.6
was,2001,8-8-0,6.4-9.6
was,2002,7-9-0,6.4-9.6
was,2003,5-11-0,5.6-10.4
was,2004,6-10-0,7.1-8.9
was,2005,10-6-0,9.9-6.1
was,2006,5-11-0,6.1-9.9
was,2007,9-7-0,8.7-7.3
was,2008,8-8-0,7.0-9.0
was,2009,4-12-0,5.8-10.2
was,2010,6-10-0,5.9-10.1
was,2011,5-11-0,5.8-10.2
was,2012,10-6-0,9.1-6.9
was,2013,3-13-0,4.8-11.2
was,2014,4-12-0,4.7-11.3
